{"stats":{"minecraft:dropped":{"minecraft:spruce_sapling":3},"minecraft:mined":{"minecraft:large_fern":1,"minecraft:spruce_log":14,"minecraft:torch":1,"minecraft:grass_block":24,"minecraft:coal_ore":17,"minecraft:dirt":3,"minecraft:spruce_leaves":226,"minecraft:stone":71},"minecraft:used":{"minecraft:apple":2,"minecraft:stone_sword":12,"minecraft:stone_pickaxe":16,"minecraft:spruce_sapling":2,"minecraft:torch":1,"minecraft:dirt":8,"minecraft:crafting_table":1,"minecraft:oak_sapling":2},"minecraft:crafted":{"minecraft:crafting_table":1,"minecraft:stick":8,"minecraft:spruce_planks":32,"minecraft:stone_pickaxe":1,"minecraft:stone_sword":1,"minecraft:torch":8,"minecraft:stone_axe":1},"minecraft:killed_by":{"minecraft:skeleton":1,"minecraft:zombie":1},"minecraft:picked_up":{"minecraft:stick":6,"minecraft:feather":1,"minecraft:chicken":1,"minecraft:leather":4,"minecraft:torch":1,"minecraft:spruce_sapling":5,"minecraft:spruce_log":8,"minecraft:dirt":8,"minecraft:stone_sword":1,"minecraft:apple":3,"minecraft:beef":8,"minecraft:oak_sapling":2,"minecraft:coal":17,"minecraft:cobblestone":57,"minecraft:egg":1},"minecraft:custom":{"minecraft:time_since_rest":11428,"minecraft:interact_with_furnace":2,"minecraft:sprint_one_cm":47478,"minecraft:damage_taken":215,"minecraft:walk_one_cm":43595,"minecraft:mob_kills":5,"minecraft:drop":3,"minecraft:damage_dealt":442,"minecraft:interact_with_crafting_table":2,"minecraft:fly_one_cm":39481,"minecraft:play_one_minute":13648,"minecraft:deaths":2,"minecraft:jump":309,"minecraft:leave_game":1,"minecraft:walk_on_water_one_cm":1046,"minecraft:time_since_death":11403,"minecraft:fall_one_cm":4837},"minecraft:killed":{"minecraft:chicken":1,"minecraft:cow":4}},"DataVersion":2586}