{"stats":{"minecraft:mined":{"create:zinc_ore":7,"minecraft:nether_gold_ore":3,"minecraft:spruce_planks":1,"minecraft:dark_oak_leaves":1,"minecraft:obsidian":8,"gravestone:gravestone":6,"minecraft:granite":19,"minecraft:spruce_fence":2,"minecraft:grass_block":29,"minecraft:spruce_leaves":245,"minecraft:large_fern":3,"minecraft:furnace":3,"minecraft:iron_ore":157,"minecraft:fire":2,"minecraft:andesite":14,"create:copper_ore":18,"minecraft:stone":305,"minecraft:bone_block":10,"minecraft:soul_sand":9,"minecraft:soul_fire":9,"minecraft:crafting_table":2,"minecraft:torch":12,"projectvibrantjourneys:twigs":1,"minecraft:emerald_ore":1,"minecraft:nether_quartz_ore":22,"minecraft:tall_grass":6,"minecraft:cobblestone":10,"minecraft:lapis_ore":4,"minecraft:grindstone":1,"minecraft:oak_planks":6,"minecraft:diorite":8,"minecraft:wall_torch":7,"dark_soul:hardened_stone":2,"minecraft:purple_bed":3,"minecraft:nether_wart_block":1,"dark_soul:silverore":11,"minecraft:spruce_log":43,"dark_soul:old_stone":8,"projectvibrantjourneys:bones":1,"minecraft:grass":4,"minecraft:coal_ore":60,"minecraft:oak_log":15,"minecraft:gravel":11,"minecraft:dirt":6,"minecraft:cobweb":6,"dark_soul:steel_ore_hardened_stone":2,"minecraft:netherrack":91,"minecraft:gold_ore":20,"minecraft:oak_leaves":9,"minecraft:fern":1},"minecraft:killed":{"dark_soul:fleshthe_undead":3,"dark_soul:corrupted_skeleton":1,"minecraft:evoker":1,"minecraft:spider":3,"dark_soul:titanium_demon":2,"dark_soul:mob_ghost":5,"dark_soul:wandering_demon":1,"minecraft:skeleton":16,"minecraft:chicken":1,"dark_soul:brass_knight":1,"minecraft:drowned":1,"dark_soul:oldskelet":16,"dark_soul:meat_golem":1,"dark_soul:slave_golem":1,"minecraft:pig":6,"dark_soul:necromicon_zombie":1,"dark_soul:necromancer_ghost":1,"minecraft:creeper":3,"minecraft:sheep":8,"minecraft:pillager":1,"minecraft:zombie":13,"dark_soul:rotten_zombie":3,"dark_soul:hollow":3,"minecraft:cow":27},"minecraft:dropped":{"minecraft:iron_ingot":3,"minecraft:water_bucket":1,"minecraft:wheat_seeds":1,"minecraft:cooked_beef":4,"minecraft:tnt":13,"minecraft:diamond":1,"minecraft:iron_helmet":1,"minecraft:feather":1,"minecraft:cobblestone":39,"minecraft:leather":4,"minecraft:granite":12,"minecraft:coal":4,"minecraft:stick":1,"projectvibrantjourneys:rocks":3,"minecraft:dirt":41,"minecraft:diorite":4,"dark_soul:consecrated_metal":15,"minecraft:torch":5,"minecraft:nether_wart_block":1,"dark_soul:utigatana":1,"gravestone:obituary":9,"dark_soul:dragonslayer_greataxe":2,"minecraft:iron_shovel":1,"minecraft:string":4,"projectvibrantjourneys:bark_mushroom":6,"minecraft:spruce_sapling":8,"minecraft:bone":2,"minecraft:cooked_chicken":1,"minecraft:stone_sword":1,"projectvibrantjourneys:twigs":1,"spartanshields:shield_basic_iron":1,"dark_soul:astor_straight_sword":1,"minecraft:rotten_flesh":47,"minecraft:iron_boots":1,"dark_soul:old_stone":2,"minecraft:spruce_fence":1,"minecraft:flint_and_steel":1,"spartanweaponry:lance_iron":1,"minecraft:potato":1,"minecraft:iron_chestplate":1,"minecraft:andesite":1,"minecraft:oak_sapling":3,"minecraft:spider_eye":2,"minecraft:iron_ore":6,"minecraft:stone_pickaxe":2,"minecraft:netherrack":1},"minecraft:picked_up":{"minecraft:crafting_table":2,"minecraft:chicken":1,"minecraft:leather_leggings":1,"gravestone:obituary":3,"minecraft:string":14,"minecraft:flint_and_steel":1,"dark_soul:essenceofghost":2,"dark_soul:piece_of_titanite":1,"minecraft:gold_nugget":14,"dark_soul:demonic_titanite":5,"minecraft:spruce_planks":28,"minecraft:beef":54,"create:zinc_ore":7,"dark_soul:silver_knight_set_boots":1,"minecraft:diamond_hoe":1,"minecraft:furnace":3,"minecraft:egg":3,"minecraft:dark_oak_sapling":6,"minecraft:stick":18,"spartanshields:shield_basic_iron":1,"projectvibrantjourneys:bark_mushroom":6,"minecraft:torch":19,"minecraft:spruce_fence":1,"minecraft:porkchop":14,"dark_soul:tongue":3,"minecraft:diorite":8,"minecraft:stone_sword":1,"minecraft:arrow":12,"minecraft:rotten_flesh":44,"dark_soul:titanite_chunk":1,"dark_soul:dragonslayer_greataxe":1,"minecraft:totem_of_undying":2,"minecraft:mutton":11,"minecraft:obsidian":8,"minecraft:bone_block":9,"minecraft:white_wool":8,"minecraft:cobblestone":313,"dark_soul:titanite_pole_trap":1,"dark_soul:silverore":11,"minecraft:leather_chestplate":2,"minecraft:feather":1,"dark_soul:large_titanite_shard":2,"minecraft:water_bucket":1,"minecraft:andesite":17,"minecraft:leather":33,"minecraft:brown_wool":1,"minecraft:potato":2,"dark_soul:steel_ignot":24,"minecraft:oak_log":15,"minecraft:nether_wart_block":1,"minecraft:gunpowder":12,"projectvibrantjourneys:rocks":4,"minecraft:lapis_lazuli":28,"minecraft:dirt":54,"dark_soul:consecrated_metal":30,"minecraft:leather_boots":1,"dark_soul:old_stone":8,"minecraft:bone":13,"create:copper_ore":18,"minecraft:apple":3,"minecraft:wheat_seeds":1,"minecraft:grindstone":1,"minecraft:iron_ingot":8,"minecraft:stone_pickaxe":1,"minecraft:iron_ore":151,"minecraft:glowstone_dust":1,"minecraft:oak_planks":6,"minecraft:soul_sand":9,"dark_soul:steel_ore_hardened_stone":2,"dark_soul:corrupted_bone":1,"dark_soul:brass_set_chestplate":1,"dark_soul:hardened_stone":2,"minecraft:music_disc_13":1,"dark_soul:loincloth_chestplate":1,"dark_soul:brass_set_leggings":1,"spartanweaponry:lance_iron":1,"minecraft:quartz":20,"minecraft:gravel":11,"projectvibrantjourneys:bones":1,"minecraft:spruce_sapling":17,"minecraft:spruce_log":44,"minecraft:gold_ore":23,"minecraft:spider_eye":2,"dark_soul:shardtitanite":6,"dark_soul:soulofanameless_king":1,"minecraft:purple_bed":3,"minecraft:diamond":1,"minecraft:iron_helmet":1,"minecraft:granite":17,"dark_soul:utigatana":1,"minecraft:golden_apple":1,"minecraft:emerald":3,"minecraft:bread":1,"minecraft:oak_sapling":7,"projectvibrantjourneys:twigs":1,"minecraft:netherrack":88,"minecraft:coal":113,"dark_soul:axof_flesh":1},"minecraft:killed_by":{"dark_soul:necromancer_ghost":1,"minecraft:skeleton":1,"dark_soul:titanium_demon":1,"minecraft:zombie":1,"dark_soul:oldskelet":2},"minecraft:broken":{"minecraft:stone_pickaxe":1,"minecraft:iron_pickaxe":1},"minecraft:used":{"minecraft:stone_sword":20,"minecraft:flint_and_steel":1,"quality_equipment:reforging_station":1,"minecraft:chest":2,"minecraft:spruce_planks":129,"dark_soul:big_axe_dark_knight":49,"minecraft:netherrack":85,"minecraft:oak_door":2,"minecraft:torch":145,"minecraft:soul_sand":7,"minecraft:dirt":13,"minecraft:anvil":1,"projectvibrantjourneys:bones":1,"minecraft:granite":5,"minecraft:obsidian":10,"minecraft:iron_axe":57,"dark_soul:astor_straight_sword":193,"minecraft:oak_sapling":2,"minecraft:furnace":3,"minecraft:egg":3,"minecraft:cooked_beef":12,"dark_soul:steel_pickaxe":12,"minecraft:cooked_mutton":19,"projectvibrantjourneys:rocks":1,"minecraft:diorite":4,"minecraft:cobblestone_stairs":4,"minecraft:stone_pickaxe":138,"minecraft:oak_planks":11,"dark_soul:old_stone":6,"minecraft:crafting_table":4,"spartanshields:shield_tower_iron":55,"minecraft:oak_log":1,"minecraft:diamond_pickaxe":244,"minecraft:apple":5,"minecraft:bread":2,"minecraft:iron_pickaxe":325,"minecraft:brown_wool":1,"dark_soul:hardened_stone":2,"minecraft:spruce_sapling":7,"minecraft:stone_axe":42,"minecraft:gravel":11,"spartanweaponry:saber_iron":59,"minecraft:cobblestone":452,"dark_soul:utigatana":230,"minecraft:purple_bed":3,"minecraft:porkchop":2,"minecraft:grindstone":1,"minecraft:cooked_porkchop":5,"minecraft:andesite":16},"minecraft:custom":{"minecraft:interact_with_anvil":13,"minecraft:mob_kills":142,"minecraft:interact_with_crafting_table":78,"minecraft:open_barrel":10,"minecraft:leave_game":10,"minecraft:time_since_death":16303,"minecraft:climb_one_cm":8533,"minecraft:sprint_one_cm":936905,"minecraft:walk_one_cm":1307021,"minecraft:damage_blocked_by_shield":3860,"minecraft:drop":128,"minecraft:talked_to_villager":1,"minecraft:deaths":9,"minecraft:sneak_time":7705,"minecraft:walk_under_water_one_cm":3289,"minecraft:jump":4887,"minecraft:interact_with_blast_furnace":25,"minecraft:walk_on_water_one_cm":58649,"minecraft:interact_with_furnace":88,"minecraft:play_one_minute":344442,"minecraft:interact_with_grindstone":10,"minecraft:sleep_in_bed":16,"minecraft:time_since_rest":4651,"minecraft:damage_taken":3996,"minecraft:damage_dealt":76197,"minecraft:player_kills":1,"minecraft:swim_one_cm":15976,"minecraft:fly_one_cm":673333,"minecraft:open_chest":240,"minecraft:crouch_one_cm":13546,"minecraft:interact_with_smoker":6,"minecraft:fall_one_cm":96940},"minecraft:crafted":{"minecraft:oak_door":3,"minecraft:smooth_stone":24,"minecraft:oak_planks":76,"minecraft:smooth_stone_slab":6,"dark_soul:steel_pickaxe":1,"minecraft:cooked_chicken":1,"minecraft:furnace":2,"minecraft:cobblestone_stairs":4,"minecraft:stone":128,"dark_soul:silver_bar":6,"dark_soul:utigatana":1,"minecraft:cooked_mutton":19,"minecraft:iron_boots":1,"minecraft:iron_axe":1,"minecraft:stone_pickaxe":2,"minecraft:chest":2,"spartanshields:shield_tower_wood":1,"spartanshields:shield_tower_iron":1,"dark_soul:astor_straight_sword":1,"minecraft:wheat":72,"minecraft:cooked_beef":14,"minecraft:cooked_porkchop":12,"minecraft:crafting_table":4,"minecraft:spruce_planks":148,"spartanweaponry:handle":1,"minecraft:bucket":1,"dark_soul:steel_ignot":2,"minecraft:stone_axe":1,"spartanweaponry:saber_iron":1,"minecraft:bread":24,"minecraft:air":0,"quality_equipment:reforging_station":1,"dark_soul:dragonslayer_greataxe":1,"minecraft:iron_chestplate":1,"wizard-staff:wizard_staff_item":1,"minecraft:stick":44,"minecraft:iron_ingot":128,"minecraft:iron_pickaxe":2,"dark_soul:big_axe_dark_knight":1,"minecraft:iron_block":6,"minecraft:stone_sword":1,"minecraft:iron_shovel":1,"minecraft:iron_leggings":1,"minecraft:gold_ingot":11,"minecraft:anvil":2,"minecraft:torch":132}},"DataVersion":2586}