{"stats":{"minecraft:mined":{"create:zinc_ore":7,"minecraft:spruce_planks":1,"minecraft:crafting_table":1,"minecraft:torch":7,"minecraft:granite":14,"minecraft:emerald_ore":1,"minecraft:grass_block":25,"minecraft:tall_grass":6,"minecraft:cobblestone":2,"minecraft:spruce_leaves":239,"minecraft:lapis_ore":4,"minecraft:diorite":5,"minecraft:wall_torch":2,"minecraft:large_fern":3,"minecraft:purple_bed":3,"minecraft:furnace":2,"minecraft:iron_ore":47,"minecraft:spruce_log":42,"minecraft:andesite":10,"create:copper_ore":18,"minecraft:grass":2,"minecraft:coal_ore":28,"minecraft:oak_log":1,"minecraft:dirt":3,"minecraft:cobweb":3,"minecraft:stone":182,"minecraft:gold_ore":16,"minecraft:oak_leaves":1,"minecraft:fern":1},"minecraft:killed":{"minecraft:pig":5,"minecraft:sheep":4,"minecraft:zombie":4,"minecraft:chicken":1,"dark_soul:hollow":1,"minecraft:cow":15},"minecraft:dropped":{"minecraft:water_bucket":1,"minecraft:wheat_seeds":1,"minecraft:cooked_chicken":1,"minecraft:cooked_beef":4,"minecraft:stone_sword":1,"minecraft:diamond":1,"spartanshields:shield_basic_iron":1,"minecraft:feather":1,"minecraft:cobblestone":32,"minecraft:rotten_flesh":8,"minecraft:leather":4,"minecraft:granite":12,"minecraft:coal":4,"spartanweaponry:lance_iron":1,"minecraft:stick":1,"minecraft:dirt":1,"minecraft:diorite":4,"minecraft:torch":5,"minecraft:andesite":1,"minecraft:iron_ore":6,"minecraft:stone_pickaxe":2,"minecraft:string":4,"projectvibrantjourneys:bark_mushroom":4,"minecraft:spruce_sapling":5},"minecraft:picked_up":{"minecraft:crafting_table":1,"minecraft:feather":1,"minecraft:chicken":1,"minecraft:water_bucket":1,"minecraft:andesite":12,"minecraft:leather":19,"minecraft:potato":1,"minecraft:oak_log":1,"minecraft:string":7,"minecraft:lapis_lazuli":28,"minecraft:dirt":9,"create:copper_ore":18,"minecraft:apple":3,"minecraft:wheat_seeds":1,"minecraft:spruce_planks":26,"minecraft:iron_ingot":5,"minecraft:beef":27,"minecraft:stone_pickaxe":1,"minecraft:iron_ore":47,"create:zinc_ore":7,"minecraft:furnace":2,"minecraft:egg":1,"minecraft:stick":15,"spartanshields:shield_basic_iron":1,"projectvibrantjourneys:bark_mushroom":4,"spartanweaponry:lance_iron":1,"minecraft:torch":9,"minecraft:porkchop":11,"minecraft:spruce_sapling":12,"minecraft:diorite":4,"minecraft:spruce_log":43,"minecraft:gold_ore":19,"minecraft:stone_sword":1,"minecraft:purple_bed":3,"minecraft:rotten_flesh":8,"minecraft:diamond":1,"minecraft:granite":12,"minecraft:emerald":1,"minecraft:oak_sapling":2,"minecraft:mutton":5,"minecraft:coal":78,"minecraft:white_wool":4,"minecraft:cobblestone":208},"minecraft:killed_by":{"minecraft:skeleton":1,"minecraft:zombie":1},"minecraft:broken":{"minecraft:stone_pickaxe":1},"minecraft:used":{"minecraft:stone_sword":20,"minecraft:cobblestone_stairs":4,"minecraft:stone_pickaxe":138,"minecraft:chest":2,"minecraft:spruce_planks":129,"minecraft:oak_door":2,"minecraft:torch":46,"minecraft:dirt":8,"minecraft:crafting_table":3,"spartanshields:shield_tower_iron":1,"minecraft:oak_log":1,"minecraft:apple":2,"minecraft:iron_pickaxe":129,"minecraft:spruce_sapling":7,"minecraft:stone_axe":42,"spartanweaponry:saber_iron":59,"minecraft:cobblestone":362,"minecraft:purple_bed":3,"minecraft:furnace":2,"minecraft:oak_sapling":2,"minecraft:porkchop":2,"minecraft:andesite":11,"minecraft:egg":1,"minecraft:cooked_beef":6},"minecraft:custom":{"minecraft:interact_with_furnace":36,"minecraft:mob_kills":31,"minecraft:interact_with_crafting_table":40,"minecraft:play_one_minute":100995,"minecraft:leave_game":4,"minecraft:time_since_death":5204,"minecraft:sleep_in_bed":6,"minecraft:time_since_rest":5251,"minecraft:sprint_one_cm":305630,"minecraft:damage_taken":357,"minecraft:walk_one_cm":448773,"minecraft:damage_blocked_by_shield":40,"minecraft:drop":37,"minecraft:damage_dealt":3230,"minecraft:talked_to_villager":1,"minecraft:player_kills":1,"minecraft:fly_one_cm":187872,"minecraft:open_chest":39,"minecraft:crouch_one_cm":4954,"minecraft:deaths":3,"minecraft:sneak_time":1834,"minecraft:walk_under_water_one_cm":230,"minecraft:jump":1502,"minecraft:interact_with_blast_furnace":1,"minecraft:walk_on_water_one_cm":11595,"minecraft:fall_one_cm":27240},"minecraft:crafted":{"minecraft:cooked_beef":8,"minecraft:oak_door":3,"minecraft:crafting_table":2,"minecraft:spruce_planks":144,"minecraft:cooked_chicken":1,"minecraft:furnace":1,"spartanweaponry:handle":1,"minecraft:cobblestone_stairs":4,"minecraft:bucket":1,"minecraft:stone_axe":1,"spartanweaponry:saber_iron":1,"minecraft:cooked_mutton":4,"minecraft:air":0,"minecraft:iron_chestplate":1,"minecraft:iron_boots":1,"minecraft:iron_axe":1,"minecraft:stick":12,"minecraft:iron_ingot":46,"minecraft:iron_pickaxe":1,"minecraft:stone_pickaxe":2,"minecraft:stone_sword":1,"minecraft:chest":2,"minecraft:iron_leggings":1,"minecraft:gold_ingot":7,"minecraft:torch":44,"spartanshields:shield_tower_wood":1,"spartanshields:shield_tower_iron":1}},"DataVersion":2586}