{"stats":{"minecraft:crafted":{"minecraft:oak_door":3,"minecraft:smooth_stone":24,"minecraft:oak_planks":60,"minecraft:smooth_stone_slab":6,"dark_soul:steel_pickaxe":1,"minecraft:cooked_chicken":1,"minecraft:furnace":2,"minecraft:cobblestone_stairs":4,"minecraft:stone":128,"dark_soul:silver_bar":6,"dark_soul:utigatana":1,"minecraft:cooked_mutton":19,"minecraft:iron_boots":1,"minecraft:iron_axe":1,"minecraft:stone_pickaxe":2,"minecraft:chest":2,"spartanshields:shield_tower_wood":1,"spartanshields:shield_tower_iron":1,"dark_soul:astor_straight_sword":1,"minecraft:cooked_beef":14,"minecraft:cooked_porkchop":12,"minecraft:crafting_table":4,"minecraft:spruce_planks":148,"spartanweaponry:handle":1,"dark_soul:steel_ignot":2,"minecraft:bucket":1,"minecraft:stone_axe":1,"spartanweaponry:saber_iron":1,"minecraft:air":0,"dark_soul:dragonslayer_greataxe":1,"quality_equipment:reforging_station":1,"minecraft:iron_chestplate":1,"wizard-staff:wizard_staff_item":1,"minecraft:stick":44,"minecraft:iron_ingot":128,"minecraft:iron_pickaxe":2,"minecraft:iron_block":6,"minecraft:stone_sword":1,"minecraft:iron_shovel":1,"minecraft:iron_leggings":1,"minecraft:gold_ingot":11,"minecraft:anvil":2,"minecraft:torch":132},"minecraft:mined":{"create:zinc_ore":7,"minecraft:nether_gold_ore":3,"minecraft:spruce_planks":1,"minecraft:dark_oak_leaves":1,"minecraft:obsidian":8,"gravestone:gravestone":5,"minecraft:granite":19,"minecraft:spruce_fence":2,"minecraft:grass_block":29,"minecraft:spruce_leaves":245,"minecraft:large_fern":3,"minecraft:furnace":3,"minecraft:fire":1,"minecraft:iron_ore":157,"minecraft:andesite":14,"create:copper_ore":18,"minecraft:stone":305,"minecraft:soul_sand":7,"minecraft:soul_fire":2,"minecraft:crafting_table":2,"minecraft:torch":12,"projectvibrantjourneys:twigs":1,"minecraft:emerald_ore":1,"minecraft:nether_quartz_ore":22,"minecraft:tall_grass":6,"minecraft:cobblestone":10,"minecraft:lapis_ore":4,"minecraft:grindstone":1,"minecraft:oak_planks":6,"minecraft:diorite":8,"minecraft:wall_torch":6,"dark_soul:hardened_stone":2,"minecraft:purple_bed":3,"dark_soul:silverore":11,"dark_soul:old_stone":8,"minecraft:spruce_log":43,"projectvibrantjourneys:bones":1,"minecraft:grass":4,"minecraft:oak_log":11,"minecraft:coal_ore":60,"minecraft:gravel":11,"minecraft:dirt":6,"minecraft:cobweb":6,"dark_soul:steel_ore_hardened_stone":2,"minecraft:netherrack":89,"minecraft:gold_ore":20,"minecraft:oak_leaves":7,"minecraft:fern":1},"minecraft:used":{"minecraft:stone_sword":20,"minecraft:flint_and_steel":1,"quality_equipment:reforging_station":1,"minecraft:chest":2,"minecraft:spruce_planks":129,"minecraft:netherrack":85,"minecraft:oak_door":2,"minecraft:torch":144,"minecraft:soul_sand":5,"minecraft:dirt":13,"minecraft:anvil":1,"minecraft:granite":5,"projectvibrantjourneys:bones":1,"minecraft:obsidian":10,"minecraft:iron_axe":51,"dark_soul:astor_straight_sword":193,"minecraft:oak_sapling":2,"minecraft:furnace":3,"minecraft:egg":3,"minecraft:cooked_beef":12,"minecraft:cooked_mutton":19,"projectvibrantjourneys:rocks":1,"minecraft:diorite":4,"minecraft:cobblestone_stairs":4,"minecraft:stone_pickaxe":138,"minecraft:oak_planks":11,"minecraft:crafting_table":4,"dark_soul:old_stone":6,"spartanshields:shield_tower_iron":42,"minecraft:oak_log":1,"minecraft:diamond_pickaxe":244,"minecraft:apple":5,"dark_soul:hardened_stone":2,"minecraft:brown_wool":1,"minecraft:iron_pickaxe":325,"minecraft:spruce_sapling":7,"minecraft:gravel":11,"minecraft:stone_axe":42,"spartanweaponry:saber_iron":59,"minecraft:cobblestone":452,"dark_soul:utigatana":230,"minecraft:purple_bed":3,"minecraft:porkchop":2,"minecraft:grindstone":1,"minecraft:cooked_porkchop":4,"minecraft:andesite":16},"minecraft:custom":{"minecraft:interact_with_anvil":8,"minecraft:mob_kills":132,"minecraft:interact_with_crafting_table":71,"minecraft:open_barrel":10,"minecraft:leave_game":6,"minecraft:time_since_death":38974,"minecraft:climb_one_cm":8533,"minecraft:sprint_one_cm":886022,"minecraft:walk_one_cm":1152296,"minecraft:damage_blocked_by_shield":2935,"minecraft:drop":114,"minecraft:talked_to_villager":1,"minecraft:deaths":8,"minecraft:sneak_time":7664,"minecraft:walk_under_water_one_cm":3289,"minecraft:jump":4535,"minecraft:interact_with_blast_furnace":25,"minecraft:walk_on_water_one_cm":58649,"minecraft:interact_with_furnace":87,"minecraft:play_one_minute":303677,"minecraft:interact_with_grindstone":6,"minecraft:sleep_in_bed":14,"minecraft:time_since_rest":23520,"minecraft:damage_taken":3378,"minecraft:damage_dealt":62826,"minecraft:player_kills":1,"minecraft:swim_one_cm":15976,"minecraft:fly_one_cm":652192,"minecraft:open_chest":164,"minecraft:crouch_one_cm":13500,"minecraft:interact_with_smoker":6,"minecraft:fall_one_cm":89391},"minecraft:dropped":{"minecraft:water_bucket":1,"minecraft:wheat_seeds":1,"minecraft:cooked_beef":4,"minecraft:tnt":13,"minecraft:diamond":1,"minecraft:feather":1,"minecraft:cobblestone":38,"minecraft:leather":4,"minecraft:granite":12,"minecraft:coal":4,"projectvibrantjourneys:rocks":3,"minecraft:stick":1,"minecraft:dirt":41,"dark_soul:consecrated_metal":15,"minecraft:diorite":4,"minecraft:torch":5,"dark_soul:utigatana":1,"gravestone:obituary":8,"dark_soul:dragonslayer_greataxe":1,"minecraft:iron_shovel":1,"minecraft:string":4,"projectvibrantjourneys:bark_mushroom":6,"minecraft:spruce_sapling":8,"minecraft:bone":2,"minecraft:cooked_chicken":1,"minecraft:stone_sword":1,"projectvibrantjourneys:twigs":1,"spartanshields:shield_basic_iron":1,"dark_soul:astor_straight_sword":1,"minecraft:rotten_flesh":41,"dark_soul:old_stone":2,"minecraft:spruce_fence":1,"minecraft:flint_and_steel":1,"spartanweaponry:lance_iron":1,"minecraft:potato":1,"minecraft:andesite":1,"minecraft:oak_sapling":3,"minecraft:spider_eye":2,"minecraft:iron_ore":6,"minecraft:stone_pickaxe":2,"minecraft:netherrack":1},"minecraft:killed_by":{"dark_soul:necromancer_ghost":1,"minecraft:skeleton":1,"dark_soul:titanium_demon":1,"minecraft:zombie":1,"dark_soul:oldskelet":2},"minecraft:picked_up":{"minecraft:crafting_table":2,"minecraft:chicken":1,"minecraft:leather_leggings":1,"gravestone:obituary":3,"minecraft:string":14,"dark_soul:essenceofghost":2,"dark_soul:piece_of_titanite":1,"minecraft:gold_nugget":14,"dark_soul:demonic_titanite":2,"minecraft:spruce_planks":28,"minecraft:beef":54,"create:zinc_ore":7,"dark_soul:silver_knight_set_boots":1,"minecraft:diamond_hoe":1,"minecraft:furnace":3,"minecraft:egg":3,"minecraft:dark_oak_sapling":6,"minecraft:stick":18,"spartanshields:shield_basic_iron":1,"projectvibrantjourneys:bark_mushroom":6,"minecraft:torch":18,"minecraft:spruce_fence":1,"minecraft:porkchop":14,"dark_soul:tongue":1,"minecraft:diorite":8,"minecraft:stone_sword":1,"minecraft:arrow":11,"minecraft:rotten_flesh":42,"dark_soul:titanite_chunk":1,"minecraft:totem_of_undying":2,"minecraft:obsidian":8,"minecraft:mutton":11,"minecraft:white_wool":8,"minecraft:cobblestone":312,"dark_soul:silverore":11,"minecraft:leather_chestplate":2,"minecraft:feather":1,"dark_soul:large_titanite_shard":2,"minecraft:water_bucket":1,"minecraft:andesite":17,"minecraft:brown_wool":1,"minecraft:leather":33,"minecraft:potato":2,"dark_soul:steel_ignot":24,"minecraft:oak_log":11,"minecraft:gunpowder":12,"projectvibrantjourneys:rocks":4,"minecraft:lapis_lazuli":28,"minecraft:dirt":54,"dark_soul:consecrated_metal":30,"minecraft:leather_boots":1,"dark_soul:old_stone":8,"minecraft:bone":12,"create:copper_ore":18,"minecraft:apple":3,"minecraft:wheat_seeds":1,"minecraft:iron_ingot":8,"minecraft:grindstone":1,"minecraft:stone_pickaxe":1,"minecraft:iron_ore":151,"minecraft:glowstone_dust":1,"minecraft:soul_sand":7,"minecraft:oak_planks":6,"dark_soul:steel_ore_hardened_stone":2,"dark_soul:corrupted_bone":1,"dark_soul:brass_set_chestplate":1,"dark_soul:hardened_stone":2,"minecraft:music_disc_13":1,"dark_soul:loincloth_chestplate":1,"dark_soul:brass_set_leggings":1,"spartanweaponry:lance_iron":1,"minecraft:quartz":20,"minecraft:gravel":11,"projectvibrantjourneys:bones":1,"minecraft:spruce_sapling":17,"minecraft:spruce_log":44,"minecraft:gold_ore":23,"minecraft:spider_eye":2,"dark_soul:shardtitanite":5,"dark_soul:soulofanameless_king":1,"minecraft:purple_bed":3,"minecraft:diamond":1,"minecraft:iron_helmet":1,"minecraft:granite":17,"dark_soul:utigatana":1,"minecraft:golden_apple":1,"minecraft:bread":1,"minecraft:emerald":1,"minecraft:oak_sapling":7,"projectvibrantjourneys:twigs":1,"minecraft:netherrack":86,"minecraft:coal":113},"minecraft:killed":{"dark_soul:fleshthe_undead":2,"dark_soul:corrupted_skeleton":1,"minecraft:evoker":1,"minecraft:spider":3,"dark_soul:wandering_demon":1,"dark_soul:mob_ghost":4,"minecraft:skeleton":15,"minecraft:chicken":1,"dark_soul:brass_knight":1,"minecraft:drowned":1,"dark_soul:oldskelet":14,"dark_soul:slave_golem":1,"minecraft:pig":6,"minecraft:creeper":3,"minecraft:sheep":8,"minecraft:pillager":1,"minecraft:zombie":13,"dark_soul:rotten_zombie":3,"dark_soul:hollow":3,"minecraft:cow":27},"minecraft:broken":{"minecraft:stone_pickaxe":1,"minecraft:iron_pickaxe":1}},"DataVersion":2586}