{"stats":{"minecraft:dropped":{"minecraft:water_bucket":1,"minecraft:wheat_seeds":1,"minecraft:cooked_beef":4,"minecraft:tnt":13,"minecraft:diamond":1,"minecraft:feather":1,"minecraft:cobblestone":38,"minecraft:leather":4,"minecraft:granite":12,"minecraft:coal":4,"minecraft:stick":1,"minecraft:dirt":40,"minecraft:diorite":4,"minecraft:torch":5,"dark_soul:utigatana":1,"gravestone:obituary":2,"minecraft:iron_shovel":1,"minecraft:string":4,"projectvibrantjourneys:bark_mushroom":6,"minecraft:spruce_sapling":8,"minecraft:cooked_chicken":1,"minecraft:stone_sword":1,"projectvibrantjourneys:twigs":1,"spartanshields:shield_basic_iron":1,"dark_soul:astor_straight_sword":1,"minecraft:rotten_flesh":29,"dark_soul:old_stone":2,"minecraft:spruce_fence":1,"minecraft:flint_and_steel":1,"spartanweaponry:lance_iron":1,"minecraft:andesite":1,"minecraft:oak_sapling":3,"minecraft:spider_eye":2,"minecraft:iron_ore":6,"minecraft:stone_pickaxe":2},"minecraft:crafted":{"minecraft:oak_door":3,"minecraft:smooth_stone":24,"minecraft:oak_planks":60,"minecraft:smooth_stone_slab":6,"minecraft:cooked_chicken":1,"minecraft:furnace":2,"minecraft:cobblestone_stairs":4,"minecraft:stone":128,"dark_soul:silver_bar":6,"dark_soul:utigatana":1,"minecraft:cooked_mutton":19,"minecraft:iron_boots":1,"minecraft:iron_axe":1,"minecraft:stone_pickaxe":2,"minecraft:chest":2,"spartanshields:shield_tower_wood":1,"spartanshields:shield_tower_iron":1,"dark_soul:astor_straight_sword":1,"minecraft:cooked_beef":14,"minecraft:cooked_porkchop":3,"minecraft:crafting_table":4,"minecraft:spruce_planks":148,"spartanweaponry:handle":1,"minecraft:bucket":1,"minecraft:stone_axe":1,"spartanweaponry:saber_iron":1,"minecraft:air":0,"quality_equipment:reforging_station":1,"minecraft:iron_chestplate":1,"wizard-staff:wizard_staff_item":1,"minecraft:stick":44,"minecraft:iron_ingot":128,"minecraft:iron_pickaxe":2,"minecraft:iron_block":6,"minecraft:stone_sword":1,"minecraft:iron_shovel":1,"minecraft:iron_leggings":1,"minecraft:gold_ingot":11,"minecraft:anvil":2,"minecraft:torch":132},"minecraft:picked_up":{"minecraft:crafting_table":2,"minecraft:chicken":1,"minecraft:leather_leggings":1,"gravestone:obituary":2,"minecraft:string":12,"dark_soul:essenceofghost":2,"minecraft:gold_nugget":14,"minecraft:spruce_planks":28,"minecraft:beef":54,"create:zinc_ore":7,"minecraft:diamond_hoe":1,"minecraft:furnace":3,"minecraft:egg":2,"minecraft:dark_oak_sapling":6,"minecraft:stick":18,"spartanshields:shield_basic_iron":1,"projectvibrantjourneys:bark_mushroom":6,"minecraft:torch":14,"minecraft:spruce_fence":1,"minecraft:porkchop":14,"minecraft:diorite":8,"minecraft:stone_sword":1,"minecraft:arrow":11,"minecraft:rotten_flesh":29,"minecraft:totem_of_undying":2,"minecraft:obsidian":8,"minecraft:mutton":11,"minecraft:white_wool":8,"minecraft:cobblestone":312,"dark_soul:silverore":11,"minecraft:leather_chestplate":2,"minecraft:feather":1,"dark_soul:large_titanite_shard":1,"minecraft:water_bucket":1,"minecraft:andesite":17,"minecraft:brown_wool":1,"minecraft:leather":33,"minecraft:potato":1,"minecraft:oak_log":11,"minecraft:gunpowder":12,"minecraft:lapis_lazuli":28,"minecraft:dirt":53,"minecraft:leather_boots":1,"dark_soul:old_stone":8,"minecraft:bone":9,"create:copper_ore":18,"minecraft:apple":3,"minecraft:wheat_seeds":1,"minecraft:iron_ingot":6,"minecraft:grindstone":1,"minecraft:stone_pickaxe":1,"minecraft:iron_ore":151,"minecraft:glowstone_dust":1,"minecraft:oak_planks":6,"dark_soul:brass_set_chestplate":1,"minecraft:music_disc_13":1,"dark_soul:loincloth_chestplate":1,"dark_soul:brass_set_leggings":1,"spartanweaponry:lance_iron":1,"minecraft:quartz":7,"minecraft:gravel":11,"projectvibrantjourneys:bones":1,"minecraft:spruce_sapling":17,"minecraft:spruce_log":44,"minecraft:gold_ore":23,"minecraft:spider_eye":2,"dark_soul:shardtitanite":2,"minecraft:purple_bed":3,"minecraft:diamond":1,"minecraft:iron_helmet":1,"minecraft:granite":17,"dark_soul:utigatana":1,"minecraft:golden_apple":1,"minecraft:bread":1,"minecraft:emerald":1,"minecraft:oak_sapling":7,"projectvibrantjourneys:twigs":1,"minecraft:netherrack":35,"minecraft:coal":113},"minecraft:killed":{"minecraft:evoker":1,"minecraft:spider":2,"dark_soul:mob_ghost":2,"minecraft:skeleton":14,"minecraft:chicken":1,"dark_soul:brass_knight":1,"minecraft:drowned":1,"dark_soul:slave_golem":1,"minecraft:pig":6,"minecraft:creeper":2,"minecraft:sheep":8,"minecraft:pillager":1,"minecraft:zombie":12,"dark_soul:rotten_zombie":3,"dark_soul:hollow":3,"minecraft:cow":27},"minecraft:broken":{"minecraft:stone_pickaxe":1,"minecraft:iron_pickaxe":1},"minecraft:mined":{"create:zinc_ore":7,"minecraft:nether_gold_ore":3,"minecraft:spruce_planks":1,"minecraft:dark_oak_leaves":1,"minecraft:obsidian":8,"minecraft:granite":19,"minecraft:spruce_fence":2,"minecraft:grass_block":29,"minecraft:spruce_leaves":245,"minecraft:large_fern":3,"minecraft:furnace":3,"minecraft:iron_ore":157,"minecraft:andesite":14,"create:copper_ore":18,"minecraft:stone":305,"minecraft:soul_fire":2,"minecraft:crafting_table":2,"minecraft:torch":9,"projectvibrantjourneys:twigs":1,"minecraft:emerald_ore":1,"minecraft:nether_quartz_ore":8,"minecraft:tall_grass":6,"minecraft:cobblestone":10,"minecraft:lapis_ore":4,"minecraft:grindstone":1,"minecraft:oak_planks":6,"minecraft:diorite":8,"minecraft:wall_torch":5,"minecraft:purple_bed":3,"dark_soul:silverore":11,"dark_soul:old_stone":8,"minecraft:spruce_log":43,"projectvibrantjourneys:bones":1,"minecraft:grass":4,"minecraft:oak_log":11,"minecraft:coal_ore":60,"minecraft:gravel":11,"minecraft:dirt":6,"minecraft:cobweb":6,"minecraft:netherrack":36,"minecraft:gold_ore":20,"minecraft:oak_leaves":7,"minecraft:fern":1},"minecraft:custom":{"minecraft:interact_with_anvil":5,"minecraft:mob_kills":86,"minecraft:interact_with_crafting_table":64,"minecraft:open_barrel":10,"minecraft:leave_game":6,"minecraft:time_since_death":151399,"minecraft:climb_one_cm":8533,"minecraft:sprint_one_cm":731794,"minecraft:walk_one_cm":972440,"minecraft:damage_blocked_by_shield":985,"minecraft:drop":86,"minecraft:talked_to_villager":1,"minecraft:deaths":3,"minecraft:sneak_time":4654,"minecraft:walk_under_water_one_cm":2880,"minecraft:jump":3821,"minecraft:interact_with_blast_furnace":24,"minecraft:walk_on_water_one_cm":55165,"minecraft:interact_with_furnace":82,"minecraft:play_one_minute":247190,"minecraft:interact_with_grindstone":5,"minecraft:sleep_in_bed":11,"minecraft:time_since_rest":14450,"minecraft:damage_taken":1539,"minecraft:damage_dealt":19013,"minecraft:player_kills":1,"minecraft:swim_one_cm":15976,"minecraft:fly_one_cm":543111,"minecraft:open_chest":130,"minecraft:crouch_one_cm":9196,"minecraft:interact_with_smoker":6,"minecraft:fall_one_cm":72667},"minecraft:killed_by":{"minecraft:skeleton":1,"minecraft:zombie":1},"minecraft:used":{"minecraft:stone_sword":20,"minecraft:flint_and_steel":1,"quality_equipment:reforging_station":1,"minecraft:chest":2,"minecraft:spruce_planks":129,"minecraft:netherrack":34,"minecraft:oak_door":2,"minecraft:torch":135,"minecraft:dirt":13,"minecraft:anvil":1,"minecraft:granite":5,"projectvibrantjourneys:bones":1,"minecraft:obsidian":10,"minecraft:iron_axe":26,"dark_soul:astor_straight_sword":85,"minecraft:oak_sapling":2,"minecraft:furnace":3,"minecraft:egg":2,"minecraft:cooked_beef":12,"minecraft:cooked_mutton":12,"minecraft:diorite":4,"minecraft:cobblestone_stairs":4,"minecraft:stone_pickaxe":138,"minecraft:crafting_table":4,"dark_soul:old_stone":6,"spartanshields:shield_tower_iron":20,"minecraft:oak_log":1,"minecraft:diamond_pickaxe":172,"minecraft:apple":5,"minecraft:brown_wool":1,"minecraft:iron_pickaxe":325,"minecraft:spruce_sapling":7,"minecraft:gravel":11,"minecraft:stone_axe":42,"spartanweaponry:saber_iron":59,"minecraft:cobblestone":452,"dark_soul:utigatana":60,"minecraft:purple_bed":3,"minecraft:porkchop":2,"minecraft:grindstone":1,"minecraft:cooked_porkchop":3,"minecraft:andesite":16}},"DataVersion":2586}