{"stats":{"minecraft:killed":{"minecraft:skeleton":1,"minecraft:chicken":1,"minecraft:pig":5,"minecraft:sheep":4,"minecraft:zombie":4,"dark_soul:hollow":1,"minecraft:cow":15},"minecraft:used":{"minecraft:stone_sword":20,"quality_equipment:reforging_station":1,"minecraft:spruce_planks":129,"minecraft:chest":2,"minecraft:oak_door":2,"minecraft:torch":56,"minecraft:dirt":8,"minecraft:iron_axe":15,"dark_soul:astor_straight_sword":6,"minecraft:oak_sapling":2,"minecraft:furnace":2,"minecraft:egg":1,"minecraft:cooked_beef":6,"minecraft:cooked_mutton":2,"minecraft:diorite":4,"minecraft:cobblestone_stairs":4,"minecraft:stone_pickaxe":138,"minecraft:crafting_table":3,"spartanshields:shield_tower_iron":1,"minecraft:oak_log":1,"minecraft:apple":2,"minecraft:iron_pickaxe":178,"minecraft:gravel":10,"minecraft:spruce_sapling":7,"minecraft:stone_axe":42,"spartanweaponry:saber_iron":59,"minecraft:cobblestone":375,"minecraft:purple_bed":3,"minecraft:porkchop":2,"minecraft:andesite":14},"minecraft:broken":{"minecraft:stone_pickaxe":1},"minecraft:picked_up":{"minecraft:crafting_table":1,"minecraft:chicken":1,"minecraft:string":9,"minecraft:spruce_planks":26,"minecraft:beef":27,"create:zinc_ore":7,"minecraft:egg":1,"minecraft:furnace":2,"minecraft:stick":16,"spartanshields:shield_basic_iron":1,"projectvibrantjourneys:bark_mushroom":6,"minecraft:torch":9,"minecraft:porkchop":11,"minecraft:diorite":8,"minecraft:stone_sword":1,"minecraft:rotten_flesh":8,"minecraft:mutton":5,"minecraft:white_wool":4,"minecraft:cobblestone":228,"dark_soul:silverore":3,"minecraft:feather":1,"minecraft:water_bucket":1,"minecraft:andesite":15,"minecraft:leather":19,"minecraft:potato":1,"minecraft:oak_log":6,"minecraft:lapis_lazuli":28,"minecraft:dirt":9,"create:copper_ore":18,"minecraft:apple":3,"minecraft:wheat_seeds":1,"minecraft:stone_pickaxe":1,"minecraft:iron_ingot":5,"minecraft:iron_ore":54,"minecraft:oak_planks":4,"spartanweaponry:lance_iron":1,"minecraft:gravel":10,"minecraft:spruce_sapling":15,"minecraft:spruce_log":44,"minecraft:gold_ore":19,"minecraft:purple_bed":3,"minecraft:diamond":1,"minecraft:granite":12,"minecraft:emerald":1,"minecraft:oak_sapling":5,"projectvibrantjourneys:twigs":1,"minecraft:coal":96},"minecraft:mined":{"create:zinc_ore":7,"minecraft:spruce_planks":1,"minecraft:granite":14,"minecraft:grass_block":25,"minecraft:spruce_leaves":244,"minecraft:large_fern":3,"minecraft:furnace":2,"minecraft:iron_ore":54,"minecraft:andesite":10,"create:copper_ore":18,"minecraft:stone":199,"minecraft:crafting_table":1,"minecraft:torch":7,"projectvibrantjourneys:twigs":1,"minecraft:emerald_ore":1,"minecraft:tall_grass":6,"minecraft:cobblestone":2,"minecraft:lapis_ore":4,"minecraft:oak_planks":4,"minecraft:diorite":8,"minecraft:wall_torch":2,"minecraft:purple_bed":3,"dark_soul:silverore":3,"minecraft:spruce_log":43,"minecraft:grass":2,"minecraft:oak_log":6,"minecraft:coal_ore":47,"minecraft:gravel":10,"minecraft:dirt":3,"minecraft:cobweb":5,"minecraft:gold_ore":16,"minecraft:oak_leaves":5,"minecraft:fern":1},"minecraft:custom":{"minecraft:mob_kills":32,"minecraft:interact_with_crafting_table":54,"minecraft:leave_game":4,"minecraft:time_since_death":35084,"minecraft:sprint_one_cm":346357,"minecraft:walk_one_cm":545350,"minecraft:damage_blocked_by_shield":40,"minecraft:drop":44,"minecraft:talked_to_villager":1,"minecraft:deaths":3,"minecraft:sneak_time":1930,"minecraft:walk_under_water_one_cm":256,"minecraft:jump":1651,"minecraft:interact_with_blast_furnace":1,"minecraft:walk_on_water_one_cm":12276,"minecraft:interact_with_furnace":48,"minecraft:play_one_minute":130875,"minecraft:sleep_in_bed":7,"minecraft:time_since_rest":17900,"minecraft:damage_taken":415,"minecraft:damage_dealt":3534,"minecraft:swim_one_cm":2686,"minecraft:fly_one_cm":200835,"minecraft:player_kills":1,"minecraft:open_chest":74,"minecraft:crouch_one_cm":5302,"minecraft:fall_one_cm":29992},"minecraft:killed_by":{"minecraft:skeleton":1,"minecraft:zombie":1},"minecraft:crafted":{"minecraft:oak_door":3,"minecraft:smooth_stone":3,"minecraft:oak_planks":20,"minecraft:smooth_stone_slab":6,"minecraft:cooked_chicken":1,"minecraft:furnace":1,"minecraft:cobblestone_stairs":4,"minecraft:stone":3,"minecraft:cooked_mutton":4,"minecraft:iron_boots":1,"minecraft:iron_axe":1,"minecraft:stone_pickaxe":2,"minecraft:chest":2,"spartanshields:shield_tower_wood":1,"spartanshields:shield_tower_iron":1,"dark_soul:astor_straight_sword":1,"minecraft:cooked_beef":8,"minecraft:crafting_table":3,"minecraft:spruce_planks":148,"spartanweaponry:handle":1,"minecraft:bucket":1,"spartanweaponry:saber_iron":1,"minecraft:stone_axe":1,"minecraft:air":0,"quality_equipment:reforging_station":1,"minecraft:iron_chestplate":1,"wizard-staff:wizard_staff_item":1,"minecraft:stick":28,"minecraft:iron_ingot":46,"minecraft:iron_pickaxe":1,"minecraft:stone_sword":1,"minecraft:iron_block":3,"minecraft:gold_ingot":7,"minecraft:iron_leggings":1,"minecraft:anvil":1,"minecraft:torch":56},"minecraft:dropped":{"minecraft:water_bucket":1,"minecraft:wheat_seeds":1,"minecraft:cooked_beef":4,"minecraft:diamond":1,"minecraft:feather":1,"minecraft:cobblestone":32,"minecraft:leather":4,"minecraft:granite":12,"minecraft:coal":4,"minecraft:stick":1,"minecraft:dirt":1,"minecraft:diorite":4,"minecraft:torch":5,"minecraft:string":4,"projectvibrantjourneys:bark_mushroom":6,"minecraft:spruce_sapling":6,"minecraft:cooked_chicken":1,"minecraft:stone_sword":1,"projectvibrantjourneys:twigs":1,"spartanshields:shield_basic_iron":1,"minecraft:rotten_flesh":8,"spartanweaponry:lance_iron":1,"minecraft:andesite":1,"minecraft:oak_sapling":3,"minecraft:iron_ore":6,"minecraft:stone_pickaxe":2}},"DataVersion":2586}