{"stats":{"minecraft:killed":{"minecraft:spider":1,"minecraft:skeleton":2,"minecraft:chicken":1,"minecraft:pig":5,"minecraft:creeper":2,"minecraft:sheep":4,"minecraft:zombie":4,"dark_soul:hollow":1,"minecraft:cow":15},"minecraft:used":{"minecraft:stone_sword":20,"quality_equipment:reforging_station":1,"minecraft:spruce_planks":129,"minecraft:chest":2,"minecraft:oak_door":2,"minecraft:torch":80,"minecraft:dirt":13,"minecraft:granite":5,"minecraft:iron_axe":18,"dark_soul:astor_straight_sword":15,"minecraft:oak_sapling":2,"minecraft:furnace":3,"minecraft:egg":1,"minecraft:cooked_beef":6,"minecraft:cooked_mutton":3,"minecraft:diorite":4,"minecraft:cobblestone_stairs":4,"minecraft:stone_pickaxe":138,"minecraft:crafting_table":4,"spartanshields:shield_tower_iron":2,"minecraft:oak_log":1,"minecraft:apple":3,"minecraft:iron_pickaxe":310,"minecraft:gravel":11,"minecraft:spruce_sapling":7,"minecraft:stone_axe":42,"spartanweaponry:saber_iron":59,"minecraft:cobblestone":413,"minecraft:purple_bed":3,"minecraft:porkchop":2,"minecraft:andesite":16},"minecraft:broken":{"minecraft:stone_pickaxe":1,"minecraft:iron_pickaxe":1},"minecraft:picked_up":{"minecraft:crafting_table":2,"minecraft:chicken":1,"minecraft:string":11,"minecraft:spruce_planks":26,"minecraft:beef":27,"create:zinc_ore":7,"minecraft:egg":1,"minecraft:furnace":3,"minecraft:stick":16,"spartanshields:shield_basic_iron":1,"projectvibrantjourneys:bark_mushroom":6,"minecraft:torch":11,"minecraft:porkchop":11,"minecraft:diorite":8,"minecraft:stone_sword":1,"minecraft:arrow":3,"minecraft:rotten_flesh":8,"minecraft:mutton":5,"minecraft:white_wool":4,"minecraft:cobblestone":267,"dark_soul:silverore":11,"minecraft:feather":1,"minecraft:water_bucket":1,"minecraft:andesite":17,"minecraft:leather":19,"minecraft:potato":1,"minecraft:oak_log":6,"minecraft:gunpowder":1,"minecraft:lapis_lazuli":28,"minecraft:dirt":14,"minecraft:bone":2,"create:copper_ore":18,"minecraft:apple":3,"minecraft:wheat_seeds":1,"minecraft:stone_pickaxe":1,"minecraft:iron_ingot":5,"minecraft:iron_ore":110,"minecraft:oak_planks":6,"spartanweaponry:lance_iron":1,"minecraft:gravel":11,"minecraft:spruce_sapling":17,"minecraft:spruce_log":44,"minecraft:gold_ore":23,"minecraft:purple_bed":3,"minecraft:diamond":1,"minecraft:granite":17,"minecraft:emerald":1,"minecraft:oak_sapling":5,"projectvibrantjourneys:twigs":1,"minecraft:coal":109},"minecraft:mined":{"create:zinc_ore":7,"minecraft:spruce_planks":1,"minecraft:granite":19,"minecraft:grass_block":27,"minecraft:spruce_leaves":244,"minecraft:large_fern":3,"minecraft:furnace":3,"minecraft:iron_ore":110,"minecraft:andesite":14,"create:copper_ore":18,"minecraft:stone":237,"minecraft:crafting_table":2,"minecraft:torch":8,"projectvibrantjourneys:twigs":1,"minecraft:emerald_ore":1,"minecraft:tall_grass":6,"minecraft:cobblestone":4,"minecraft:lapis_ore":4,"minecraft:oak_planks":6,"minecraft:diorite":8,"minecraft:wall_torch":3,"minecraft:purple_bed":3,"dark_soul:silverore":11,"minecraft:spruce_log":43,"minecraft:grass":2,"minecraft:oak_log":6,"minecraft:coal_ore":60,"minecraft:gravel":11,"minecraft:dirt":6,"minecraft:cobweb":6,"minecraft:gold_ore":20,"minecraft:oak_leaves":6,"minecraft:fern":1},"minecraft:custom":{"minecraft:mob_kills":36,"minecraft:interact_with_crafting_table":57,"minecraft:leave_game":4,"minecraft:time_since_death":53084,"minecraft:climb_one_cm":167,"minecraft:sprint_one_cm":403038,"minecraft:walk_one_cm":626654,"minecraft:damage_blocked_by_shield":80,"minecraft:drop":46,"minecraft:talked_to_villager":1,"minecraft:deaths":3,"minecraft:sneak_time":2266,"minecraft:walk_under_water_one_cm":504,"minecraft:jump":1878,"minecraft:interact_with_blast_furnace":16,"minecraft:walk_on_water_one_cm":13106,"minecraft:interact_with_furnace":57,"minecraft:play_one_minute":148875,"minecraft:sleep_in_bed":7,"minecraft:time_since_rest":35900,"minecraft:damage_taken":449,"minecraft:damage_dealt":4278,"minecraft:swim_one_cm":2686,"minecraft:fly_one_cm":219490,"minecraft:player_kills":1,"minecraft:open_chest":85,"minecraft:crouch_one_cm":5883,"minecraft:interact_with_smoker":5,"minecraft:fall_one_cm":32237},"minecraft:killed_by":{"minecraft:skeleton":1,"minecraft:zombie":1},"minecraft:crafted":{"minecraft:oak_door":3,"minecraft:smooth_stone":3,"minecraft:oak_planks":20,"minecraft:smooth_stone_slab":6,"minecraft:cooked_chicken":1,"minecraft:furnace":2,"minecraft:cobblestone_stairs":4,"minecraft:stone":128,"dark_soul:silver_bar":6,"minecraft:cooked_mutton":13,"minecraft:iron_boots":1,"minecraft:iron_axe":1,"minecraft:stone_pickaxe":2,"minecraft:chest":2,"spartanshields:shield_tower_wood":1,"spartanshields:shield_tower_iron":1,"dark_soul:astor_straight_sword":1,"minecraft:cooked_beef":8,"minecraft:crafting_table":4,"minecraft:spruce_planks":148,"spartanweaponry:handle":1,"minecraft:bucket":1,"spartanweaponry:saber_iron":1,"minecraft:stone_axe":1,"minecraft:air":0,"quality_equipment:reforging_station":1,"minecraft:iron_chestplate":1,"wizard-staff:wizard_staff_item":1,"minecraft:stick":28,"minecraft:iron_ingot":70,"minecraft:iron_pickaxe":2,"minecraft:stone_sword":1,"minecraft:iron_block":3,"minecraft:gold_ingot":11,"minecraft:iron_leggings":1,"minecraft:anvil":1,"minecraft:torch":68},"minecraft:dropped":{"minecraft:water_bucket":1,"minecraft:wheat_seeds":1,"minecraft:cooked_beef":4,"minecraft:diamond":1,"minecraft:feather":1,"minecraft:cobblestone":32,"minecraft:leather":4,"minecraft:granite":12,"minecraft:coal":4,"minecraft:stick":1,"minecraft:dirt":1,"minecraft:diorite":4,"minecraft:torch":5,"minecraft:string":4,"projectvibrantjourneys:bark_mushroom":6,"minecraft:spruce_sapling":8,"minecraft:cooked_chicken":1,"minecraft:stone_sword":1,"projectvibrantjourneys:twigs":1,"spartanshields:shield_basic_iron":1,"minecraft:rotten_flesh":8,"spartanweaponry:lance_iron":1,"minecraft:andesite":1,"minecraft:oak_sapling":3,"minecraft:iron_ore":6,"minecraft:stone_pickaxe":2}},"DataVersion":2586}