{"stats":{"minecraft:broken":{"minecraft:stone_pickaxe":1,"minecraft:iron_pickaxe":1},"minecraft:crafted":{"minecraft:oak_planks":76,"minecraft:smooth_stone":24,"dark_soul:steel_pickaxe":1,"minecraft:cooked_chicken":1,"minecraft:cobblestone_stairs":4,"minecraft:stone":214,"dark_soul:boiler_forge":1,"dark_soul:utigatana":1,"minecraft:cooked_mutton":19,"minecraft:iron_boots":1,"minecraft:chest":2,"spartanshields:shield_tower_iron":1,"minecraft:cooked_porkchop":12,"minecraft:crafting_table":5,"minecraft:spruce_planks":148,"minecraft:iron_chestplate":1,"minecraft:stick":48,"minecraft:iron_pickaxe":2,"minecraft:iron_ingot":128,"dark_soul:big_axe_dark_knight":1,"minecraft:iron_block":6,"minecraft:stone_sword":1,"minecraft:gold_ingot":11,"minecraft:oak_door":3,"minecraft:smooth_stone_slab":6,"minecraft:furnace":2,"dark_soul:silver_bar":6,"minecraft:iron_axe":1,"minecraft:stone_pickaxe":2,"minecraft:dark_oak_planks":8,"spartanshields:shield_tower_wood":2,"dark_soul:astor_straight_sword":1,"minecraft:wheat":72,"minecraft:cooked_beef":14,"spartanweaponry:handle":1,"dark_soul:steel_ignot":4,"minecraft:bucket":1,"spartanweaponry:saber_iron":1,"minecraft:stone_axe":1,"minecraft:bread":24,"minecraft:air":0,"dark_soul:dragonslayer_greataxe":1,"quality_equipment:reforging_station":1,"wizard-staff:wizard_staff_item":1,"minecraft:iron_shovel":1,"minecraft:iron_leggings":1,"minecraft:anvil":2,"minecraft:white_bed":1,"spartanshields:shield_tower_diamond":1,"minecraft:torch":144},"minecraft:killed_by":{"minecraft:zombie":1,"dark_soul:necromancer_ghost":1,"minecraft:skeleton":1,"dark_soul:titanium_demon":1,"dark_soul:oldskelet":2},"minecraft:dropped":{"minecraft:cooked_beef":4,"minecraft:diamond":1,"dark_soul:big_axe_dark_knight":1,"minecraft:leather":5,"minecraft:dirt":41,"dark_soul:consecrated_metal":15,"minecraft:dark_oak_fence":2,"gravestone:obituary":10,"dark_soul:dragonslayer_greataxe":2,"minecraft:dark_oak_planks":2,"projectvibrantjourneys:bark_mushroom":6,"minecraft:bone":2,"dark_soul:dark_knight_armor_chestplate":1,"minecraft:iron_nugget":1,"minecraft:cooked_chicken":1,"projectvibrantjourneys:twigs":1,"minecraft:rotten_flesh":75,"dark_soul:old_stone":2,"minecraft:azure_bluet":9,"minecraft:iron_ore":6,"minecraft:arrow":1,"minecraft:netherrack":8,"minecraft:water_bucket":1,"minecraft:iron_ingot":3,"minecraft:wheat_seeds":1,"minecraft:tnt":13,"minecraft:lead":1,"minecraft:feather":1,"minecraft:iron_helmet":1,"minecraft:cobblestone":39,"minecraft:granite":12,"minecraft:grass_block":1,"minecraft:coal":4,"projectvibrantjourneys:rocks":3,"minecraft:stick":1,"minecraft:diorite":4,"minecraft:torch":5,"minecraft:nether_wart_block":1,"dark_soul:utigatana":1,"minecraft:iron_shovel":1,"minecraft:string":4,"minecraft:spruce_sapling":8,"dark_soul:dark_knight_armor_boots":1,"minecraft:stone_sword":1,"spartanshields:shield_basic_iron":1,"dark_soul:astor_straight_sword":1,"minecraft:iron_boots":1,"minecraft:spruce_fence":1,"minecraft:flint_and_steel":1,"spartanweaponry:lance_iron":1,"minecraft:potato":1,"minecraft:allium":5,"minecraft:iron_chestplate":1,"minecraft:andesite":1,"dark_soul:loincloth_leggings":1,"minecraft:oak_sapling":3,"minecraft:spider_eye":4,"minecraft:stone_pickaxe":2,"minecraft:red_tulip":3},"minecraft:custom":{"minecraft:interact_with_crafting_table":82,"minecraft:open_barrel":10,"minecraft:leave_game":21,"minecraft:time_since_death":145589,"minecraft:sprint_one_cm":1344349,"minecraft:damage_blocked_by_shield":3980,"minecraft:drop":184,"minecraft:talked_to_villager":2,"minecraft:deaths":9,"minecraft:jump":6679,"minecraft:walk_on_water_one_cm":96163,"minecraft:interact_with_furnace":98,"minecraft:play_one_minute":473728,"minecraft:sleep_in_bed":19,"minecraft:damage_dealt":110423,"minecraft:player_kills":1,"minecraft:crouch_one_cm":13838,"minecraft:interact_with_smoker":6,"minecraft:mob_kills":202,"minecraft:interact_with_anvil":17,"minecraft:damage_dealt_resisted":803,"minecraft:climb_one_cm":9542,"minecraft:walk_one_cm":1764201,"minecraft:sneak_time":7954,"minecraft:walk_under_water_one_cm":9646,"minecraft:interact_with_blast_furnace":26,"minecraft:interact_with_grindstone":10,"minecraft:time_since_rest":68389,"minecraft:damage_taken":5211,"minecraft:swim_one_cm":33986,"minecraft:fly_one_cm":945257,"minecraft:open_chest":337,"minecraft:fall_one_cm":138791},"minecraft:killed":{"minecraft:cave_spider":4,"minecraft:spider":8,"dark_soul:knight_lothric":1,"dark_soul:mob_ghost":5,"dark_soul:wandering_demon":2,"minecraft:skeleton":19,"minecraft:chicken":1,"dark_soul:champion_gundyr":1,"dark_soul:mitathe_ruinous_queen":1,"dark_soul:ogre":2,"dark_soul:high_necromancer":1,"minecraft:pig":6,"minecraft:zombie_villager":1,"minecraft:creeper":4,"dark_soul:vortex_boss":1,"minecraft:sheep":11,"minecraft:pillager":1,"minecraft:zombie":22,"dark_soul:rotten_zombie":4,"dark_soul:frozen_zombie":1,"minecraft:cow":27,"dark_soul:fleshthe_undead":3,"dark_soul:corrupted_skeleton":10,"minecraft:evoker":1,"dark_soul:titanium_demon":2,"dark_soul:two_stage_gundur":1,"dark_soul:brass_knight":1,"minecraft:drowned":1,"dark_soul:oldskelet":23,"dark_soul:meat_golem":1,"dark_soul:slave_golem":2,"dark_soul:necromicon_zombie":1,"dark_soul:necromancer_ghost":1,"dark_soul:hollow":4,"minecraft:enderman":1},"minecraft:picked_up":{"minecraft:lead":1,"minecraft:string":17,"dark_soul:piece_of_titanite":1,"minecraft:gold_nugget":14,"dark_soul:demonic_titanite":5,"minecraft:spruce_planks":28,"dark_soul:silver_knight_set_boots":1,"minecraft:furnace":3,"minecraft:stick":18,"minecraft:torch":30,"minecraft:porkchop":14,"dark_soul:tongue":3,"minecraft:diorite":8,"minecraft:stone_sword":1,"minecraft:rotten_flesh":72,"dark_soul:titanite_chunk":2,"dark_soul:dragonslayer_greataxe":1,"minecraft:red_tulip":3,"minecraft:obsidian":8,"minecraft:cobblestone":331,"dark_soul:loincloth_leggings":1,"dark_soul:silverore":15,"minecraft:leather_chestplate":2,"minecraft:feather":1,"dark_soul:large_titanite_shard":5,"minecraft:water_bucket":1,"minecraft:andesite":17,"minecraft:brown_wool":1,"minecraft:potato":2,"dark_soul:soulof_mitatheruinousqueen":1,"dark_soul:steel_ignot":38,"projectvibrantjourneys:rocks":4,"minecraft:lapis_lazuli":28,"minecraft:dirt":55,"dark_soul:silver_bar":10,"dark_soul:dark_knight_armor_boots":2,"dark_soul:consecrated_metal":30,"minecraft:leather_boots":1,"minecraft:bone":16,"create:copper_ore":18,"minecraft:wheat_seeds":1,"minecraft:grindstone":1,"minecraft:glowstone_dust":1,"minecraft:oak_planks":6,"dark_soul:brass_set_chestplate":1,"dark_soul:hardened_stone":2,"minecraft:music_disc_13":1,"minecraft:grass_block":1,"minecraft:dark_oak_log":2,"dark_soul:shardtitanite":10,"dark_soul:soulofanameless_king":1,"minecraft:diamond":1,"minecraft:granite":17,"minecraft:golden_apple":1,"minecraft:emerald":3,"minecraft:bread":1,"minecraft:oak_sapling":7,"minecraft:netherrack":97,"minecraft:dark_oak_fence":2,"minecraft:crafting_table":2,"minecraft:allium":5,"minecraft:azure_bluet":9,"minecraft:chicken":1,"minecraft:leather_leggings":1,"dark_soul:pieceof_poisonous_metal":10,"gravestone:obituary":4,"dark_soul:riteof_incineration":1,"dark_soul:dark_knight_armor_chestplate":2,"dark_soul:brass_set_helmet":1,"minecraft:flint_and_steel":1,"dark_soul:essenceofghost":2,"minecraft:beef":54,"create:zinc_ore":7,"minecraft:iron_nugget":1,"minecraft:diamond_hoe":1,"minecraft:egg":4,"minecraft:dark_oak_sapling":6,"spartanshields:shield_basic_iron":1,"projectvibrantjourneys:bark_mushroom":6,"dark_soul:dark_knight_armor_helmet":1,"minecraft:spruce_fence":1,"dark_soul:flowering_moss":2,"minecraft:dark_oak_planks":1,"minecraft:arrow":18,"minecraft:totem_of_undying":2,"dark_soul:piece_lothricmetal":1,"minecraft:mutton":17,"minecraft:white_wool":12,"minecraft:bone_block":9,"dark_soul:titanite_pole_trap":1,"minecraft:leather":34,"minecraft:oak_log":15,"minecraft:gunpowder":17,"minecraft:nether_wart_block":1,"dark_soul:old_stone":8,"minecraft:apple":3,"minecraft:iron_ingot":9,"minecraft:stone_pickaxe":1,"minecraft:iron_ore":156,"minecraft:soul_sand":9,"dark_soul:steel_ore_hardened_stone":7,"dark_soul:corrupted_bone":9,"dark_soul:loincloth_chestplate":1,"dark_soul:brass_set_leggings":1,"spartanweaponry:lance_iron":1,"minecraft:quartz":32,"dark_soul:soul_champion_gundyr":1,"minecraft:gravel":11,"projectvibrantjourneys:bones":1,"minecraft:spruce_sapling":17,"minecraft:white_bed":2,"minecraft:spruce_log":44,"minecraft:gold_ore":23,"minecraft:spider_eye":4,"minecraft:purple_bed":3,"minecraft:iron_helmet":1,"dark_soul:utigatana":1,"projectvibrantjourneys:twigs":1,"minecraft:coal":113,"minecraft:ender_pearl":1,"dark_soul:axof_flesh":1},"minecraft:used":{"dark_soul:boiler_forge":1,"minecraft:chest":2,"minecraft:soul_sand":7,"dark_soul:dragonslayer_spear_sword":10,"minecraft:obsidian":10,"dark_soul:flowering_moss":1,"dark_soul:astor_straight_sword":193,"minecraft:furnace":3,"minecraft:oak_sapling":2,"minecraft:egg":4,"dark_soul:steel_pickaxe":66,"projectvibrantjourneys:rocks":1,"minecraft:diorite":4,"minecraft:stone_pickaxe":138,"minecraft:oak_planks":11,"spartanshields:shield_tower_iron":55,"minecraft:bread":24,"minecraft:brown_wool":1,"dark_soul:hardened_stone":2,"minecraft:gravel":11,"spartanweaponry:saber_iron":59,"minecraft:grindstone":1,"minecraft:andesite":16,"minecraft:stone_sword":20,"minecraft:flint_and_steel":1,"quality_equipment:reforging_station":1,"minecraft:spruce_planks":129,"dark_soul:big_axe_dark_knight":183,"minecraft:netherrack":87,"minecraft:oak_door":2,"minecraft:torch":169,"minecraft:dirt":14,"minecraft:anvil":1,"minecraft:granite":5,"projectvibrantjourneys:bones":1,"minecraft:iron_axe":60,"minecraft:cooked_beef":12,"minecraft:cooked_mutton":19,"minecraft:cobblestone_stairs":4,"minecraft:crafting_table":5,"dark_soul:old_stone":6,"minecraft:white_bed":3,"minecraft:oak_log":1,"minecraft:diamond_pickaxe":244,"minecraft:apple":5,"minecraft:iron_pickaxe":325,"minecraft:spruce_sapling":7,"spartanshields:shield_tower_diamond":2,"minecraft:stone_axe":42,"minecraft:cobblestone":469,"dark_soul:utigatana":230,"minecraft:purple_bed":3,"minecraft:porkchop":2,"minecraft:cooked_porkchop":7},"minecraft:mined":{"minecraft:spruce_planks":1,"minecraft:white_bed":2,"minecraft:obsidian":8,"minecraft:granite":19,"minecraft:grass_block":30,"minecraft:iron_ore":162,"minecraft:fire":9,"create:copper_ore":18,"minecraft:soul_fire":9,"minecraft:torch":18,"projectvibrantjourneys:twigs":1,"minecraft:nether_quartz_ore":34,"minecraft:cobblestone":10,"minecraft:grindstone":1,"minecraft:oak_planks":6,"minecraft:wall_torch":11,"minecraft:nether_wart_block":1,"dark_soul:silverore":15,"projectvibrantjourneys:bones":1,"minecraft:grass":4,"minecraft:oak_log":15,"minecraft:dirt":6,"dark_soul:steel_ore_hardened_stone":7,"minecraft:netherrack":103,"minecraft:oak_leaves":9,"create:zinc_ore":7,"minecraft:nether_gold_ore":3,"minecraft:dark_oak_leaves":1,"minecraft:dark_oak_log":2,"gravestone:gravestone":6,"minecraft:spruce_fence":2,"minecraft:spruce_leaves":245,"minecraft:large_fern":3,"minecraft:furnace":3,"minecraft:andesite":14,"minecraft:stone":319,"minecraft:bone_block":10,"minecraft:soul_sand":9,"minecraft:crafting_table":2,"minecraft:emerald_ore":1,"minecraft:tall_grass":6,"minecraft:lapis_ore":4,"minecraft:diorite":8,"dark_soul:hardened_stone":2,"minecraft:purple_bed":3,"dark_soul:old_stone":8,"minecraft:spruce_log":43,"minecraft:coal_ore":60,"minecraft:gravel":11,"minecraft:cobweb":6,"minecraft:gold_ore":20,"minecraft:fern":2}},"DataVersion":2586}