{"stats":{"minecraft:dropped":{"minecraft:stone_sword":1},"minecraft:mined":{"minecraft:dark_oak_leaves":15,"minecraft:crafting_table":2,"minecraft:oak_log":16,"minecraft:coal_ore":20,"minecraft:tall_grass":1,"minecraft:stone":21,"minecraft:oak_leaves":72},"minecraft:used":{"minecraft:stone_pickaxe":21,"minecraft:wooden_pickaxe":18,"minecraft:stone_axe":1,"minecraft:wooden_sword":7,"minecraft:crafting_table":1,"minecraft:oak_sapling":1,"minecraft:egg":1},"minecraft:crafted":{"minecraft:wooden_sword":1,"minecraft:oak_planks":52,"minecraft:crafting_table":1,"minecraft:stick":8,"minecraft:wooden_pickaxe":1,"minecraft:stone_pickaxe":1,"minecraft:stone_sword":1,"minecraft:stone_axe":1},"minecraft:killed_by":{"minecraft:skeleton":1,"minecraft:zombie":1},"minecraft:picked_up":{"minecraft:stick":2,"minecraft:crafting_table":2,"minecraft:oak_log":15,"minecraft:wooden_sword":1,"minecraft:arrow":3,"minecraft:stone_sword":1,"minecraft:bone":3,"minecraft:rotten_flesh":2,"minecraft:wheat_seeds":1,"minecraft:oak_sapling":8,"minecraft:oak_planks":46,"minecraft:coal":20,"minecraft:cobblestone":116,"minecraft:egg":1},"minecraft:custom":{"minecraft:time_since_rest":10846,"minecraft:sprint_one_cm":54038,"minecraft:damage_taken":215,"minecraft:walk_one_cm":33836,"minecraft:drop":1,"minecraft:damage_dealt":135,"minecraft:interact_with_crafting_table":4,"minecraft:fly_one_cm":64344,"minecraft:play_one_minute":14826,"minecraft:crouch_one_cm":1201,"minecraft:deaths":2,"minecraft:sneak_time":312,"minecraft:jump":295,"minecraft:leave_game":1,"minecraft:time_since_death":10818,"minecraft:fall_one_cm":6978}},"DataVersion":2586}