{"stats":{"minecraft:killed":{"minecraft:cave_spider":6,"minecraft:spider":3,"dark_soul:mob_ghost":6,"minecraft:skeleton":9,"dark_soul:black_knight":1,"dark_soul:brass_knight":1,"minecraft:zombie_villager":1,"dark_soul:silver_knight":2,"minecraft:creeper":4,"minecraft:sheep":3,"minecraft:zombie":8,"dark_soul:rotten_zombie":1,"dark_soul:frozen_zombie":1,"dark_soul:hollow":2,"minecraft:enderman":3},"minecraft:used":{"minecraft:stone_sword":9,"minecraft:iron_shovel":1412,"minecraft:spruce_planks":1,"minecraft:torch":59,"minecraft:dirt":152,"spartanweaponry:hammer_iron":32,"minecraft:stripped_spruce_log":3,"minecraft:iron_axe":269,"dark_soul:astor_straight_sword":154,"minecraft:furnace":3,"minecraft:oak_sapling":1,"minecraft:egg":1,"minecraft:cooked_beef":9,"minecraft:water_bucket":19,"minecraft:stone_pickaxe":220,"minecraft:wooden_pickaxe":18,"minecraft:blue_bed":4,"minecraft:crafting_table":5,"minecraft:blast_furnace":3,"minecraft:spruce_log":163,"minecraft:smoker":1,"spartanweaponry:lance_wood":1,"minecraft:bread":19,"minecraft:iron_pickaxe":515,"spartanweaponry:lance_iron":167,"minecraft:spruce_sapling":20,"spartanshields:shield_basic_iron":19,"minecraft:stone_axe":132,"minecraft:wooden_sword":7,"minecraft:cobblestone":208,"minecraft:cooked_porkchop":2,"minecraft:bucket":20,"minecraft:andesite":1},"minecraft:broken":{"minecraft:iron_shovel":5,"minecraft:iron_axe":1,"minecraft:stone_axe":1,"minecraft:iron_pickaxe":2},"minecraft:picked_up":{"minecraft:crafting_table":4,"minecraft:iron_chestplate":1,"minecraft:string":33,"minecraft:wooden_sword":1,"minecraft:iron_leggings":1,"minecraft:spruce_planks":14,"minecraft:beef":13,"create:zinc_ore":25,"minecraft:poppy":2,"minecraft:iron_pickaxe":1,"minecraft:egg":1,"minecraft:iron_boots":1,"minecraft:furnace":1,"minecraft:stick":17,"spartanshields:shield_basic_iron":1,"projectvibrantjourneys:bark_mushroom":3,"minecraft:oak_fence":2,"minecraft:torch":21,"minecraft:diorite":12,"minecraft:stone_sword":5,"minecraft:arrow":13,"minecraft:rotten_flesh":14,"minecraft:mutton":13,"minecraft:cobblestone":341,"minecraft:rail":1,"spartanshields:shield_tower_iron":1,"minecraft:white_wool":9,"dark_soul:silverore":20,"minecraft:cooked_beef":4,"minecraft:water_bucket":1,"minecraft:andesite":2,"minecraft:leather":8,"minecraft:oak_log":24,"minecraft:gunpowder":4,"projectvibrantjourneys:rocks":2,"minecraft:blue_bed":4,"minecraft:dirt":1146,"minecraft:bone":9,"create:copper_ore":32,"minecraft:bow":1,"minecraft:wheat_seeds":7,"minecraft:stone_pickaxe":3,"minecraft:iron_ingot":25,"minecraft:iron_ore":145,"spartanweaponry:saber_iron":1,"minecraft:oak_planks":61,"dark_soul:brass_set_chestplate":1,"minecraft:cooked_porkchop":9,"spartanweaponry:lance_iron":1,"minecraft:gravel":4,"minecraft:stripped_spruce_log":3,"minecraft:spruce_sapling":38,"minecraft:blast_furnace":1,"minecraft:grass_block":2,"minecraft:spruce_log":263,"minecraft:gold_ore":3,"minecraft:spider_eye":4,"minecraft:diamond":2,"minecraft:stone_axe":1,"minecraft:iron_helmet":2,"minecraft:granite":10,"minecraft:oak_sapling":8,"projectvibrantjourneys:twigs":2,"minecraft:coal":326,"minecraft:ender_pearl":1},"minecraft:mined":{"create:zinc_ore":25,"minecraft:spruce_planks":1,"minecraft:dark_oak_leaves":15,"projectvibrantjourneys:rocks":2,"gravestone:gravestone":1,"minecraft:granite":10,"minecraft:grass_block":908,"minecraft:spruce_leaves":112,"minecraft:large_fern":2,"minecraft:spruce_sapling":1,"minecraft:furnace":1,"minecraft:iron_ore":132,"minecraft:andesite":1,"minecraft:stripped_spruce_log":3,"create:copper_ore":14,"minecraft:stone":187,"minecraft:podzol":93,"minecraft:crafting_table":4,"minecraft:torch":2,"projectvibrantjourneys:twigs":3,"minecraft:blast_furnace":1,"minecraft:poppy":2,"projectvibrantjourneys:natural_cobweb":1,"minecraft:tall_grass":1,"minecraft:cobblestone":18,"projectvibrantjourneys:fallen_leaves":14,"minecraft:oak_planks":8,"minecraft:diorite":10,"minecraft:blue_bed":4,"minecraft:wall_torch":11,"dark_soul:silverore":20,"minecraft:spruce_log":195,"minecraft:grass":19,"minecraft:oak_log":16,"minecraft:coal_ore":321,"minecraft:gravel":4,"minecraft:dirt":425,"minecraft:cobweb":20,"minecraft:gold_ore":3,"minecraft:oak_leaves":72},"minecraft:custom":{"minecraft:mob_kills":52,"minecraft:interact_with_crafting_table":39,"minecraft:leave_game":5,"minecraft:time_since_death":204479,"minecraft:climb_one_cm":6,"minecraft:sprint_one_cm":816693,"minecraft:walk_one_cm":945855,"minecraft:damage_blocked_by_shield":755,"minecraft:drop":50,"minecraft:talked_to_villager":34,"minecraft:deaths":5,"minecraft:sneak_time":12702,"minecraft:walk_under_water_one_cm":4541,"minecraft:jump":3083,"minecraft:interact_with_blast_furnace":43,"minecraft:walk_on_water_one_cm":21427,"minecraft:interact_with_furnace":51,"minecraft:traded_with_villager":21,"minecraft:play_one_minute":310160,"minecraft:sleep_in_bed":7,"minecraft:time_since_rest":35900,"minecraft:damage_taken":1915,"minecraft:damage_dealt":13245,"minecraft:swim_one_cm":1274,"minecraft:fly_one_cm":527688,"minecraft:open_chest":77,"minecraft:crouch_one_cm":34382,"minecraft:interact_with_smoker":10,"minecraft:fall_one_cm":64701},"minecraft:killed_by":{"minecraft:player":1,"dark_soul:silver_knight":1,"minecraft:skeleton":2,"minecraft:zombie":1},"minecraft:crafted":{"minecraft:wooden_sword":1,"minecraft:oak_planks":52,"minecraft:smooth_stone":11,"spartanshields:shield_basic_iron":1,"minecraft:furnace":4,"minecraft:blast_furnace":2,"minecraft:stone":11,"dark_soul:silver_bar":20,"spartanweaponry:lance_wood":1,"minecraft:iron_axe":2,"minecraft:stone_pickaxe":2,"spartanweaponry:lance_iron":1,"dark_soul:astor_straight_sword":2,"minecraft:smoker":1,"spartanshields:shield_basic_wood":1,"minecraft:cooked_beef":19,"minecraft:emerald":21,"spartanweaponry:pole":2,"minecraft:crafting_table":2,"minecraft:spruce_planks":380,"minecraft:wooden_pickaxe":1,"spartanweaponry:handle":4,"minecraft:stone_axe":2,"minecraft:air":0,"minecraft:diamond_pickaxe":1,"minecraft:stick":728,"minecraft:iron_ingot":97,"minecraft:iron_pickaxe":2,"minecraft:stone_sword":2,"minecraft:iron_shovel":6,"minecraft:gold_ingot":15,"minecraft:torch":56,"create:zinc_ingot":32},"minecraft:dropped":{"minecraft:wheat_seeds":3,"minecraft:oak_fence":2,"minecraft:cobblestone":5,"minecraft:leather":4,"projectvibrantjourneys:rocks":2,"minecraft:dirt":939,"minecraft:torch":1,"minecraft:string":8,"minecraft:spruce_sapling":14,"minecraft:sweet_berries":19,"minecraft:stone_sword":3,"projectvibrantjourneys:twigs":2,"minecraft:poppy":2,"minecraft:gunpowder":4,"minecraft:andesite":1,"minecraft:spider_eye":1,"minecraft:stone_pickaxe":1}},"DataVersion":2586}