{"stats":{"minecraft:dropped":{"dark_soul:loincloth_chestplate":1,"minecraft:wheat_seeds":3,"minecraft:oak_fence":2,"minecraft:cobblestone":5,"minecraft:leather":4,"projectvibrantjourneys:rocks":2,"minecraft:dirt":978,"minecraft:diorite":4,"minecraft:torch":1,"dark_soul:utigatana":1,"gravestone:obituary":2,"minecraft:string":8,"projectvibrantjourneys:bark_mushroom":5,"minecraft:spruce_sapling":14,"minecraft:sweet_berries":19,"minecraft:iron_nugget":1,"minecraft:stone_sword":3,"projectvibrantjourneys:twigs":3,"minecraft:spruce_fence":1,"dark_soul:brass_set_chestplate":1,"minecraft:poppy":2,"minecraft:gunpowder":4,"minecraft:andesite":1,"minecraft:spider_eye":1,"minecraft:stone_pickaxe":1},"minecraft:crafted":{"minecraft:wooden_sword":1,"minecraft:smooth_stone":114,"minecraft:oak_planks":52,"minecraft:stone_brick_wall":6,"spartanshields:shield_basic_iron":1,"minecraft:furnace":4,"minecraft:blast_furnace":2,"minecraft:cobblestone_stairs":4,"minecraft:stone":42,"dark_soul:silver_bar":25,"minecraft:spruce_fence":6,"dark_soul:utigatana":2,"spartanweaponry:lance_wood":1,"minecraft:iron_axe":2,"minecraft:stone_pickaxe":2,"spartanweaponry:lance_iron":1,"minecraft:stone_bricks":28,"dark_soul:astor_straight_sword":2,"minecraft:smoker":1,"spartanshields:shield_basic_wood":1,"minecraft:cooked_beef":19,"minecraft:emerald":21,"spartanweaponry:pole":2,"minecraft:crafting_table":2,"minecraft:spruce_planks":380,"minecraft:wooden_pickaxe":1,"spartanweaponry:handle":4,"minecraft:stone_axe":2,"minecraft:air":0,"minecraft:diamond_pickaxe":1,"minecraft:stick":728,"minecraft:iron_ingot":97,"minecraft:iron_pickaxe":3,"minecraft:stone_sword":2,"minecraft:iron_shovel":7,"minecraft:gold_ingot":15,"minecraft:spruce_fence_gate":1,"minecraft:torch":56,"create:zinc_ingot":32},"minecraft:picked_up":{"minecraft:crafting_table":5,"minecraft:iron_chestplate":1,"minecraft:string":48,"minecraft:wooden_sword":1,"minecraft:flint_and_steel":1,"minecraft:iron_leggings":1,"minecraft:iron_shovel":1,"minecraft:spruce_planks":14,"minecraft:beef":13,"create:zinc_ore":25,"minecraft:iron_nugget":2,"minecraft:poppy":2,"minecraft:iron_pickaxe":1,"minecraft:furnace":1,"minecraft:iron_boots":1,"minecraft:egg":1,"dark_soul:lothric_knight_armor_boots":1,"minecraft:stick":17,"spartanshields:shield_basic_iron":1,"projectvibrantjourneys:bark_mushroom":9,"minecraft:oak_fence":2,"minecraft:torch":24,"minecraft:diorite":12,"dark_soul:astor_straight_sword":1,"minecraft:tnt":13,"minecraft:stone_sword":5,"minecraft:arrow":17,"minecraft:rotten_flesh":38,"minecraft:mutton":13,"minecraft:cobblestone":811,"minecraft:rail":1,"spartanshields:shield_tower_iron":1,"minecraft:white_wool":9,"dark_soul:silverore":20,"minecraft:cooked_beef":4,"minecraft:water_bucket":1,"minecraft:andesite":2,"minecraft:leather":8,"minecraft:oak_log":28,"minecraft:gunpowder":10,"projectvibrantjourneys:rocks":4,"minecraft:dirt":1563,"minecraft:blue_bed":4,"minecraft:bone":13,"create:copper_ore":32,"minecraft:stone_bricks":2,"minecraft:bow":1,"minecraft:wheat_seeds":7,"minecraft:stone_pickaxe":3,"minecraft:iron_ingot":29,"minecraft:iron_ore":145,"spartanweaponry:saber_iron":1,"minecraft:oak_planks":61,"dark_soul:brass_set_chestplate":1,"minecraft:cooked_porkchop":9,"dark_soul:loincloth_chestplate":1,"spartanweaponry:lance_iron":1,"minecraft:lime_terracotta":2,"minecraft:gravel":4,"minecraft:stripped_spruce_log":3,"minecraft:spruce_sapling":43,"minecraft:blast_furnace":1,"minecraft:grass_block":2,"minecraft:spruce_log":353,"minecraft:gold_ore":5,"dark_soul:shardtitanite":6,"minecraft:spider_eye":7,"minecraft:diamond":2,"minecraft:stone_axe":1,"minecraft:iron_helmet":2,"minecraft:granite":10,"minecraft:spruce_sign":1,"minecraft:oak_sapling":8,"projectvibrantjourneys:twigs":3,"minecraft:dark_oak_fence":2,"minecraft:coal":326,"minecraft:ender_pearl":2},"minecraft:killed":{"minecraft:cave_spider":7,"minecraft:spider":14,"dark_soul:mob_ghost":11,"minecraft:skeleton":13,"dark_soul:black_knight":2,"dark_soul:brass_knight":1,"dark_soul:ogre":3,"dark_soul:knight_lothric_spear_with_spear":1,"dark_soul:slave_golem":2,"minecraft:zombie_villager":1,"dark_soul:silver_knight":2,"minecraft:creeper":11,"minecraft:sheep":3,"minecraft:zombie":20,"dark_soul:rotten_zombie":6,"dark_soul:frozen_zombie":3,"dark_soul:hollow":5,"minecraft:enderman":5},"minecraft:broken":{"minecraft:iron_shovel":7,"minecraft:iron_axe":1,"minecraft:stone_axe":1,"minecraft:iron_pickaxe":4},"minecraft:mined":{"create:zinc_ore":25,"minecraft:spruce_planks":1,"minecraft:dark_oak_leaves":15,"projectvibrantjourneys:rocks":5,"minecraft:dark_oak_fence":7,"gravestone:gravestone":2,"minecraft:granite":10,"minecraft:grass_block":1086,"minecraft:spruce_leaves":162,"minecraft:large_fern":2,"minecraft:spruce_sapling":1,"minecraft:furnace":1,"minecraft:iron_ore":132,"minecraft:andesite":1,"minecraft:stripped_spruce_log":3,"create:copper_ore":14,"minecraft:stone":648,"minecraft:podzol":93,"minecraft:crafting_table":5,"minecraft:torch":5,"projectvibrantjourneys:twigs":3,"minecraft:blast_furnace":1,"minecraft:poppy":2,"projectvibrantjourneys:natural_cobweb":1,"minecraft:spruce_wall_sign":4,"minecraft:tall_grass":1,"minecraft:cobblestone":24,"projectvibrantjourneys:fallen_leaves":17,"minecraft:oak_planks":8,"minecraft:diorite":10,"minecraft:blue_bed":4,"minecraft:wall_torch":11,"dark_soul:silverore":20,"minecraft:spruce_log":285,"minecraft:grass":22,"minecraft:oak_log":20,"minecraft:coal_ore":321,"minecraft:lime_terracotta":2,"minecraft:gravel":4,"minecraft:dirt":616,"minecraft:cobweb":20,"minecraft:stone_bricks":2,"minecraft:gold_ore":3,"minecraft:oak_leaves":72},"minecraft:custom":{"minecraft:interact_with_anvil":2,"minecraft:mob_kills":116,"minecraft:interact_with_crafting_table":53,"minecraft:leave_game":7,"minecraft:time_since_death":35182,"minecraft:climb_one_cm":6,"minecraft:sprint_one_cm":1141486,"minecraft:walk_one_cm":1318989,"minecraft:damage_blocked_by_shield":1460,"minecraft:drop":62,"minecraft:talked_to_villager":34,"minecraft:deaths":6,"minecraft:sneak_time":16472,"minecraft:walk_under_water_one_cm":6214,"minecraft:jump":4695,"minecraft:interact_with_blast_furnace":50,"minecraft:walk_on_water_one_cm":28089,"minecraft:interact_with_furnace":61,"minecraft:traded_with_villager":21,"minecraft:play_one_minute":411306,"minecraft:interact_with_grindstone":1,"minecraft:sleep_in_bed":9,"minecraft:time_since_rest":35216,"minecraft:damage_taken":3448,"minecraft:damage_dealt":35293,"minecraft:swim_one_cm":1274,"minecraft:fly_one_cm":894703,"minecraft:open_chest":101,"minecraft:crouch_one_cm":44873,"minecraft:interact_with_smoker":12,"minecraft:fall_one_cm":106188},"minecraft:killed_by":{"minecraft:player":1,"dark_soul:silver_knight":2,"minecraft:skeleton":2,"minecraft:zombie":1},"minecraft:used":{"minecraft:stone_sword":9,"minecraft:iron_shovel":1758,"minecraft:spruce_planks":33,"minecraft:stone":2,"minecraft:rotten_flesh":4,"minecraft:torch":78,"minecraft:dirt":421,"spartanweaponry:hammer_iron":32,"minecraft:spruce_fence":5,"minecraft:stripped_spruce_log":3,"minecraft:iron_axe":488,"minecraft:stone_bricks":9,"dark_soul:astor_straight_sword":280,"minecraft:oak_sapling":1,"minecraft:furnace":3,"minecraft:egg":1,"minecraft:cooked_beef":21,"minecraft:water_bucket":32,"minecraft:cobblestone_stairs":4,"minecraft:stone_pickaxe":220,"minecraft:wooden_pickaxe":18,"minecraft:spruce_fence_gate":1,"minecraft:blue_bed":4,"minecraft:crafting_table":7,"minecraft:blast_furnace":3,"minecraft:stone_brick_wall":2,"minecraft:spruce_log":261,"minecraft:smoker":1,"spartanweaponry:lance_wood":1,"minecraft:bread":19,"minecraft:iron_pickaxe":990,"spartanweaponry:lance_iron":167,"minecraft:spruce_sapling":20,"spartanshields:shield_basic_iron":29,"minecraft:stone_axe":132,"minecraft:wooden_sword":7,"minecraft:cobblestone":656,"dark_soul:utigatana":88,"minecraft:cooked_porkchop":2,"minecraft:andesite":1,"minecraft:bucket":33}},"DataVersion":2586}