{"stats":{"minecraft:picked_up":{"dark_soul:silverore":20,"minecraft:crafting_table":3,"minecraft:iron_chestplate":1,"minecraft:cooked_beef":4,"minecraft:water_bucket":1,"minecraft:andesite":2,"minecraft:leather":8,"minecraft:oak_log":15,"minecraft:gunpowder":3,"minecraft:dirt":26,"minecraft:blue_bed":3,"minecraft:string":29,"minecraft:wooden_sword":1,"minecraft:iron_leggings":1,"minecraft:bone":5,"create:copper_ore":32,"minecraft:wheat_seeds":4,"minecraft:stone_pickaxe":3,"minecraft:iron_ingot":21,"minecraft:beef":13,"minecraft:iron_ore":145,"create:zinc_ore":25,"minecraft:iron_pickaxe":1,"spartanweaponry:saber_iron":1,"minecraft:oak_planks":61,"minecraft:furnace":1,"minecraft:iron_boots":1,"minecraft:egg":1,"minecraft:stick":10,"spartanshields:shield_basic_iron":1,"minecraft:cooked_porkchop":9,"minecraft:oak_fence":2,"spartanweaponry:lance_iron":1,"minecraft:torch":21,"minecraft:gravel":4,"minecraft:spruce_sapling":26,"minecraft:blast_furnace":1,"minecraft:diorite":8,"minecraft:spruce_log":64,"minecraft:gold_ore":3,"minecraft:spider_eye":2,"minecraft:stone_sword":5,"minecraft:arrow":8,"minecraft:rotten_flesh":2,"minecraft:diamond":2,"minecraft:stone_axe":1,"minecraft:iron_helmet":2,"minecraft:granite":10,"minecraft:oak_sapling":8,"minecraft:mutton":13,"minecraft:rail":1,"minecraft:coal":31,"spartanshields:shield_tower_iron":1,"minecraft:white_wool":9,"minecraft:cobblestone":302},"minecraft:broken":{"minecraft:iron_pickaxe":1},"minecraft:used":{"minecraft:water_bucket":19,"minecraft:stone_sword":9,"minecraft:stone_pickaxe":107,"minecraft:wooden_pickaxe":18,"minecraft:blue_bed":3,"minecraft:torch":57,"minecraft:crafting_table":4,"minecraft:blast_furnace":1,"spartanweaponry:hammer_iron":31,"spartanweaponry:lance_wood":1,"minecraft:bread":18,"minecraft:iron_pickaxe":294,"spartanweaponry:lance_iron":167,"minecraft:spruce_sapling":2,"spartanshields:shield_basic_iron":14,"minecraft:stone_axe":97,"minecraft:wooden_sword":7,"minecraft:cobblestone":98,"minecraft:furnace":2,"minecraft:oak_sapling":1,"minecraft:cooked_porkchop":2,"minecraft:andesite":1,"minecraft:bucket":20,"minecraft:egg":1,"minecraft:cooked_beef":2},"minecraft:dropped":{"minecraft:sweet_berries":19,"minecraft:wheat_seeds":3,"minecraft:stone_sword":3,"minecraft:oak_fence":2,"minecraft:cobblestone":5,"minecraft:leather":4,"minecraft:dirt":6,"minecraft:gunpowder":3,"minecraft:torch":1,"minecraft:andesite":1,"minecraft:stone_pickaxe":1,"minecraft:string":6,"minecraft:spruce_sapling":12},"minecraft:crafted":{"spartanshields:shield_basic_wood":1,"minecraft:wooden_sword":1,"minecraft:oak_planks":52,"minecraft:emerald":21,"spartanshields:shield_basic_iron":1,"spartanweaponry:pole":2,"minecraft:crafting_table":2,"minecraft:spruce_planks":336,"minecraft:wooden_pickaxe":1,"minecraft:furnace":1,"spartanweaponry:handle":4,"minecraft:stone_axe":2,"minecraft:air":0,"spartanweaponry:lance_wood":1,"minecraft:stick":704,"minecraft:iron_ingot":6,"minecraft:iron_pickaxe":1,"minecraft:stone_pickaxe":1,"minecraft:stone_sword":1,"spartanweaponry:lance_iron":1,"minecraft:torch":56},"minecraft:killed_by":{"dark_soul:silver_knight":1,"minecraft:player":1,"minecraft:skeleton":2,"minecraft:zombie":1},"minecraft:mined":{"create:zinc_ore":25,"minecraft:dark_oak_leaves":15,"minecraft:crafting_table":3,"minecraft:torch":2,"gravestone:gravestone":1,"minecraft:granite":10,"minecraft:blast_furnace":1,"minecraft:grass_block":12,"minecraft:tall_grass":1,"minecraft:cobblestone":10,"minecraft:spruce_leaves":21,"minecraft:oak_planks":8,"minecraft:diorite":6,"minecraft:blue_bed":3,"minecraft:wall_torch":11,"minecraft:large_fern":1,"minecraft:furnace":1,"minecraft:iron_ore":132,"dark_soul:silverore":20,"minecraft:andesite":1,"minecraft:spruce_log":65,"create:copper_ore":14,"minecraft:grass":10,"minecraft:oak_log":16,"minecraft:coal_ore":30,"minecraft:gravel":4,"minecraft:dirt":16,"minecraft:cobweb":20,"minecraft:stone":156,"minecraft:gold_ore":3,"minecraft:oak_leaves":72},"minecraft:killed":{"minecraft:cave_spider":6,"minecraft:zombie_villager":1,"dark_soul:silver_knight":1,"minecraft:creeper":3,"dark_soul:mob_ghost":2,"minecraft:sheep":3,"minecraft:skeleton":3,"dark_soul:hollow":1},"minecraft:custom":{"minecraft:interact_with_furnace":10,"minecraft:mob_kills":21,"minecraft:traded_with_villager":21,"minecraft:interact_with_crafting_table":19,"minecraft:play_one_minute":189741,"minecraft:leave_game":4,"minecraft:time_since_death":84060,"minecraft:sleep_in_bed":4,"minecraft:time_since_rest":84169,"minecraft:sprint_one_cm":530740,"minecraft:damage_taken":1323,"minecraft:walk_one_cm":522129,"minecraft:damage_blocked_by_shield":545,"minecraft:drop":26,"minecraft:damage_dealt":4807,"minecraft:swim_one_cm":1274,"minecraft:talked_to_villager":34,"minecraft:fly_one_cm":329169,"minecraft:open_chest":29,"minecraft:crouch_one_cm":22551,"minecraft:deaths":5,"minecraft:sneak_time":8368,"minecraft:walk_under_water_one_cm":4541,"minecraft:jump":2020,"minecraft:interact_with_blast_furnace":5,"minecraft:walk_on_water_one_cm":21427,"minecraft:fall_one_cm":40180}},"DataVersion":2586}