{"stats":{"minecraft:crafted":{"minecraft:wooden_sword":1,"minecraft:smooth_stone":114,"minecraft:oak_planks":52,"minecraft:stone_brick_wall":6,"spartanshields:shield_basic_iron":1,"minecraft:furnace":4,"minecraft:blast_furnace":2,"minecraft:cobblestone_stairs":4,"minecraft:stone":42,"dark_soul:silver_bar":25,"minecraft:spruce_fence":6,"dark_soul:utigatana":2,"spartanweaponry:lance_wood":1,"minecraft:iron_axe":2,"minecraft:stone_pickaxe":2,"spartanweaponry:lance_iron":1,"minecraft:stone_bricks":28,"dark_soul:astor_straight_sword":2,"minecraft:smoker":1,"spartanshields:shield_basic_wood":1,"minecraft:cooked_beef":48,"minecraft:emerald":21,"spartanweaponry:pole":2,"minecraft:crafting_table":2,"minecraft:spruce_planks":380,"minecraft:wooden_pickaxe":1,"spartanweaponry:handle":4,"dark_soul:steel_ignot":16,"minecraft:stone_axe":2,"minecraft:air":0,"minecraft:diamond_pickaxe":1,"minecraft:stick":728,"minecraft:iron_ingot":134,"minecraft:iron_pickaxe":3,"minecraft:stone_sword":2,"minecraft:iron_shovel":7,"minecraft:gold_ingot":15,"minecraft:spruce_fence_gate":1,"minecraft:torch":56,"create:zinc_ingot":32},"minecraft:mined":{"create:zinc_ore":25,"minecraft:spruce_planks":1,"minecraft:dark_oak_leaves":15,"projectvibrantjourneys:rocks":6,"gravestone:gravestone":2,"minecraft:granite":10,"minecraft:dark_oak_fence":7,"minecraft:grass_block":1089,"minecraft:spruce_leaves":162,"minecraft:spawner":1,"minecraft:large_fern":2,"minecraft:spruce_sapling":1,"minecraft:furnace":1,"minecraft:iron_ore":132,"minecraft:andesite":1,"minecraft:stripped_spruce_log":3,"create:copper_ore":14,"minecraft:iron_bars":1,"minecraft:stone":648,"minecraft:podzol":93,"minecraft:crafting_table":5,"minecraft:torch":5,"projectvibrantjourneys:twigs":3,"minecraft:blast_furnace":1,"minecraft:poppy":2,"projectvibrantjourneys:natural_cobweb":1,"minecraft:spruce_wall_sign":4,"minecraft:tall_grass":1,"minecraft:cobblestone":24,"projectvibrantjourneys:fallen_leaves":17,"minecraft:oak_planks":8,"minecraft:diorite":10,"minecraft:wall_torch":11,"minecraft:blue_bed":4,"dark_soul:silverore":20,"minecraft:blue_ice":2,"minecraft:stone_brick_stairs":1,"minecraft:spruce_log":285,"minecraft:grass":24,"minecraft:oak_log":20,"minecraft:coal_ore":322,"minecraft:lime_terracotta":4,"minecraft:gravel":4,"minecraft:dirt":624,"minecraft:cobweb":20,"dark_soul:steel_ore_hardened_stone":23,"minecraft:stone_bricks":3,"minecraft:mossy_stone_bricks":4,"minecraft:gold_ore":3,"minecraft:oak_leaves":72},"minecraft:used":{"minecraft:stone_sword":9,"minecraft:iron_shovel":1769,"spartanweaponry:greatsword_iron":131,"minecraft:spruce_planks":33,"minecraft:stone":2,"minecraft:iron_sword":34,"minecraft:rotten_flesh":4,"minecraft:torch":80,"minecraft:dirt":443,"spartanweaponry:hammer_iron":32,"minecraft:spruce_fence":5,"minecraft:stripped_spruce_log":3,"minecraft:iron_axe":488,"minecraft:stone_bricks":9,"dark_soul:astor_straight_sword":280,"minecraft:oak_sapling":1,"minecraft:furnace":3,"minecraft:egg":1,"minecraft:cooked_beef":21,"minecraft:water_bucket":32,"minecraft:cobblestone_stairs":4,"minecraft:stone_pickaxe":220,"minecraft:wooden_pickaxe":18,"minecraft:spruce_fence_gate":1,"minecraft:blue_bed":4,"minecraft:crafting_table":7,"minecraft:blast_furnace":3,"minecraft:stone_brick_wall":2,"minecraft:spruce_log":261,"minecraft:smoker":1,"spartanweaponry:lance_wood":1,"minecraft:bread":30,"minecraft:iron_pickaxe":1027,"spartanweaponry:lance_iron":167,"minecraft:spruce_sapling":20,"spartanshields:shield_basic_iron":37,"minecraft:stone_axe":132,"minecraft:wooden_sword":7,"minecraft:cobblestone":656,"dark_soul:utigatana":229,"minecraft:cooked_porkchop":2,"minecraft:andesite":1,"minecraft:bucket":33},"minecraft:custom":{"minecraft:interact_with_smithing_table":1,"minecraft:interact_with_anvil":2,"minecraft:mob_kills":162,"minecraft:interact_with_crafting_table":57,"minecraft:open_barrel":11,"minecraft:damage_dealt_resisted":12,"minecraft:leave_game":8,"minecraft:time_since_death":93029,"minecraft:climb_one_cm":1553,"minecraft:sprint_one_cm":1328347,"minecraft:walk_one_cm":1546289,"minecraft:damage_blocked_by_shield":1900,"minecraft:drop":105,"minecraft:talked_to_villager":34,"minecraft:deaths":6,"minecraft:sneak_time":17128,"minecraft:walk_under_water_one_cm":6446,"minecraft:jump":5517,"minecraft:interact_with_blast_furnace":55,"minecraft:walk_on_water_one_cm":30178,"minecraft:interact_with_furnace":76,"minecraft:traded_with_villager":21,"minecraft:play_one_minute":469153,"minecraft:interact_with_grindstone":1,"minecraft:sleep_in_bed":10,"minecraft:time_since_rest":23520,"minecraft:damage_taken":5409,"minecraft:damage_dealt":58445,"minecraft:swim_one_cm":1274,"minecraft:fly_one_cm":1063518,"minecraft:open_chest":129,"minecraft:crouch_one_cm":47107,"minecraft:interact_with_smoker":13,"minecraft:fall_one_cm":125686},"minecraft:dropped":{"dark_soul:steel_ignot":13,"minecraft:gold_ore":2,"minecraft:spruce_sign":1,"dark_soul:loincloth_chestplate":1,"minecraft:wheat_seeds":3,"minecraft:lime_terracotta":8,"minecraft:oak_fence":2,"minecraft:cobblestone":11,"minecraft:apple":4,"minecraft:leather":4,"projectvibrantjourneys:rocks":4,"minecraft:dirt":978,"minecraft:diorite":4,"dark_soul:consecrated_metal":15,"minecraft:dark_oak_fence":6,"minecraft:torch":1,"dark_soul:utigatana":1,"gravestone:obituary":3,"dark_soul:shardtitanite":6,"minecraft:string":19,"projectvibrantjourneys:bark_mushroom":5,"minecraft:spruce_sapling":14,"minecraft:sweet_berries":19,"minecraft:iron_nugget":1,"minecraft:stone_sword":3,"projectvibrantjourneys:twigs":3,"minecraft:rotten_flesh":39,"minecraft:suspicious_stew":1,"minecraft:spruce_fence":1,"dark_soul:brass_set_chestplate":1,"minecraft:poppy":2,"minecraft:stone":2,"minecraft:gunpowder":12,"minecraft:mossy_stone_bricks":3,"minecraft:andesite":1,"dark_soul:loincloth_leggings":1,"minecraft:stone_brick_wall":8,"minecraft:stone_bricks":16,"minecraft:spider_eye":1,"minecraft:arrow":18,"minecraft:stone_pickaxe":1,"minecraft:stone_brick_stairs":1},"minecraft:killed_by":{"minecraft:player":1,"dark_soul:silver_knight":2,"minecraft:skeleton":2,"minecraft:zombie":1},"minecraft:picked_up":{"minecraft:iron_chestplate":1,"minecraft:crafting_table":5,"minecraft:stone_brick_wall":4,"minecraft:stone_brick_stairs":1,"gravestone:obituary":1,"dark_soul:soul_gwyn":1,"dark_soul:milwood_knight_set_chestplate":1,"minecraft:string":50,"minecraft:wooden_sword":1,"minecraft:flint_and_steel":1,"minecraft:iron_leggings":1,"minecraft:iron_shovel":1,"dark_soul:soul_ice_golem":1,"minecraft:spruce_planks":14,"minecraft:beef":13,"create:zinc_ore":25,"minecraft:iron_nugget":2,"minecraft:poppy":2,"minecraft:iron_pickaxe":1,"minecraft:furnace":1,"minecraft:iron_boots":1,"minecraft:egg":1,"dark_soul:lothric_knight_armor_boots":1,"minecraft:stick":17,"minecraft:stone":2,"spartanshields:shield_basic_iron":1,"projectvibrantjourneys:bark_mushroom":9,"minecraft:oak_fence":2,"minecraft:torch":50,"minecraft:diorite":12,"dark_soul:astor_straight_sword":1,"minecraft:tnt":13,"minecraft:stone_sword":5,"minecraft:arrow":31,"minecraft:rotten_flesh":59,"dark_soul:loincloth_leggings":1,"minecraft:mutton":13,"minecraft:rail":1,"spartanshields:shield_tower_iron":1,"minecraft:white_wool":9,"minecraft:cobblestone":816,"dark_soul:silverore":20,"minecraft:cooked_beef":4,"minecraft:water_bucket":1,"minecraft:andesite":2,"minecraft:leather":8,"minecraft:potato":1,"minecraft:oak_log":28,"minecraft:gunpowder":14,"projectvibrantjourneys:rocks":4,"minecraft:dirt":1574,"minecraft:blue_bed":4,"dark_soul:consecrated_metal":15,"minecraft:bone":22,"create:copper_ore":32,"minecraft:stone_bricks":3,"minecraft:bow":1,"minecraft:wheat_seeds":7,"minecraft:iron_ingot":30,"minecraft:stone_pickaxe":3,"minecraft:iron_ore":145,"minecraft:mossy_stone_bricks":3,"spartanweaponry:saber_iron":1,"minecraft:oak_planks":61,"dark_soul:steel_ore_hardened_stone":23,"dark_soul:corrupted_bone":3,"dark_soul:brass_set_chestplate":2,"minecraft:cooked_porkchop":9,"dark_soul:loincloth_chestplate":1,"dark_soul:brass_set_leggings":1,"spartanweaponry:lance_iron":1,"minecraft:lime_terracotta":8,"minecraft:gravel":4,"minecraft:stripped_spruce_log":3,"minecraft:spruce_sapling":43,"minecraft:blast_furnace":1,"minecraft:grass_block":2,"minecraft:spruce_log":353,"minecraft:gold_ore":5,"minecraft:spider_eye":7,"dark_soul:shardtitanite":9,"minecraft:diamond":2,"minecraft:stone_axe":1,"minecraft:iron_helmet":2,"minecraft:granite":10,"minecraft:spruce_sign":1,"dark_soul:frozen_bone":2,"minecraft:oak_sapling":8,"projectvibrantjourneys:twigs":3,"minecraft:dark_oak_fence":6,"minecraft:coal":327,"minecraft:ender_pearl":2},"minecraft:killed":{"dark_soul:fleshthe_undead":1,"minecraft:cave_spider":12,"minecraft:spider":16,"dark_soul:ice_golem_boss":1,"dark_soul:milwood_knight":1,"dark_soul:two_stage_gundur":1,"dark_soul:mob_ghost":15,"minecraft:skeleton":20,"dark_soul:crystal_golem":2,"dark_soul:black_knight":2,"dark_soul:brass_knight":1,"minecraft:drowned":2,"dark_soul:ogre":3,"dark_soul:oldskelet":4,"dark_soul:meat_golem":1,"dark_soul:frozen_skeleton":4,"dark_soul:knight_lothric_spear_with_spear":1,"dark_soul:slave_golem":4,"minecraft:zombie_villager":1,"dark_soul:nameless_king":1,"dark_soul:silver_knight":3,"minecraft:creeper":11,"minecraft:sheep":3,"minecraft:zombie":20,"dark_soul:rotten_zombie":8,"dark_soul:frozen_zombie":3,"dark_soul:hollow":9,"minecraft:enderman":5},"minecraft:broken":{"minecraft:iron_shovel":7,"minecraft:iron_axe":1,"minecraft:stone_axe":1,"minecraft:iron_pickaxe":4,"minecraft:iron_helmet":1}},"DataVersion":2586}