{"stats":{"minecraft:mined":{"minecraft:spruce_planks":6,"minecraft:cobblestone_stairs":15,"minecraft:spruce_trapdoor":3,"minecraft:granite":10,"minecraft:grass_block":1090,"minecraft:soul_soil":1,"minecraft:polished_diorite":1,"minecraft:spawner":3,"minecraft:weeping_vines_plant":1,"minecraft:iron_ore":132,"create:copper_ore":14,"minecraft:enchanting_table":1,"minecraft:oak_stairs":2,"minecraft:iron_bars":2,"minecraft:torch":5,"minecraft:dark_oak_wood":2,"projectvibrantjourneys:twigs":3,"minecraft:blast_furnace":1,"minecraft:poppy":2,"projectvibrantjourneys:natural_cobweb":1,"minecraft:spruce_wall_sign":4,"minecraft:cobblestone":33,"projectvibrantjourneys:fallen_leaves":17,"minecraft:oak_planks":10,"minecraft:wall_torch":18,"dark_soul:silverore":20,"minecraft:blue_ice":2,"minecraft:stone_brick_stairs":2,"minecraft:grass":25,"minecraft:oak_log":23,"minecraft:lime_terracotta":4,"minecraft:dirt":647,"dark_soul:steel_ore_hardened_stone":23,"minecraft:netherrack":2,"minecraft:oak_leaves":74,"create:zinc_ore":25,"minecraft:mossy_cobblestone":1,"minecraft:dark_oak_leaves":15,"projectvibrantjourneys:rocks":8,"gravestone:gravestone":6,"minecraft:dark_oak_fence":7,"minecraft:spruce_leaves":170,"minecraft:large_fern":10,"minecraft:hay_block":80,"minecraft:spruce_sapling":1,"minecraft:furnace":1,"minecraft:andesite":1,"minecraft:stripped_spruce_log":3,"minecraft:bookshelf":33,"minecraft:lantern":1,"minecraft:stone":1424,"minecraft:bone_block":10,"minecraft:podzol":96,"minecraft:crafting_table":5,"projectvibrantjourneys:mossy_rocks":1,"minecraft:tall_grass":2,"minecraft:diorite":14,"minecraft:blue_bed":4,"minecraft:purple_bed":1,"dark_soul:old_stone":1,"minecraft:spruce_log":285,"minecraft:coal_ore":499,"minecraft:gravel":13,"minecraft:cobweb":29,"minecraft:stone_bricks":6,"minecraft:mossy_stone_bricks":4,"minecraft:gold_ore":3,"minecraft:infested_stone":1},"minecraft:killed":{"minecraft:cave_spider":18,"minecraft:spider":18,"dark_soul:mob_ghost":24,"minecraft:skeleton":26,"dark_soul:crystal_golem":2,"minecraft:illusioner":8,"dark_soul:ogre":3,"dark_soul:knight_lothric_spear_with_spear":1,"minecraft:zombie_villager":1,"dark_soul:nameless_king":1,"dark_soul:silver_knight":3,"minecraft:creeper":11,"minecraft:sheep":3,"minecraft:pillager":33,"minecraft:zombie":31,"dark_soul:rotten_zombie":11,"dark_soul:frozen_zombie":3,"dark_soul:fleshthe_undead":2,"minecraft:evoker":3,"minecraft:vex":4,"minecraft:vindicator":23,"dark_soul:ice_golem_boss":1,"dark_soul:titanium_demon":2,"dark_soul:milwood_knight":1,"dark_soul:two_stage_gundur":1,"dark_soul:black_knight":2,"dark_soul:brass_knight":1,"minecraft:drowned":2,"dark_soul:oldskelet":11,"dark_soul:meat_golem":1,"dark_soul:frozen_skeleton":4,"dark_soul:slave_golem":4,"dark_soul:hollow":13,"minecraft:enderman":5},"minecraft:dropped":{"dark_soul:steel_ignot":13,"minecraft:gold_ore":2,"minecraft:spruce_sign":1,"dark_soul:loincloth_chestplate":1,"minecraft:crossbow":4,"minecraft:lime_terracotta":8,"minecraft:leather":4,"minecraft:dirt":978,"dark_soul:consecrated_metal":15,"minecraft:dark_oak_fence":6,"gravestone:obituary":9,"dark_soul:dragonslayer_greataxe":1,"dark_soul:shardtitanite":6,"projectvibrantjourneys:bark_mushroom":5,"minecraft:iron_nugget":1,"projectvibrantjourneys:twigs":3,"minecraft:wheat":8,"minecraft:rotten_flesh":41,"minecraft:poppy":2,"minecraft:gunpowder":12,"minecraft:stone_brick_wall":8,"minecraft:arrow":18,"minecraft:stone_brick_stairs":1,"minecraft:iron_ingot":10,"minecraft:wheat_seeds":3,"minecraft:oak_fence":2,"minecraft:cobblestone":12,"minecraft:apple":4,"projectvibrantjourneys:rocks":4,"minecraft:diorite":4,"minecraft:torch":1,"dark_soul:utigatana":1,"minecraft:oak_stairs":2,"minecraft:white_banner":1,"minecraft:string":30,"minecraft:spruce_sapling":14,"minecraft:sweet_berries":19,"minecraft:stone_sword":3,"minecraft:spruce_fence":1,"dark_soul:brass_set_chestplate":1,"minecraft:suspicious_stew":1,"minecraft:stone":2,"minecraft:andesite":1,"minecraft:mossy_stone_bricks":3,"dark_soul:loincloth_leggings":1,"minecraft:spider_eye":1,"minecraft:stone_bricks":16,"minecraft:slime_ball":4,"minecraft:stone_pickaxe":1},"minecraft:picked_up":{"minecraft:iron_chestplate":2,"minecraft:suspicious_stew":1,"minecraft:oak_stairs":2,"minecraft:enchanted_book":1,"minecraft:stone_brick_stairs":5,"dark_soul:soul_gwyn":1,"minecraft:soul_soil":1,"minecraft:string":72,"minecraft:iron_leggings":1,"minecraft:gold_nugget":2,"dark_soul:demonic_titanite":1,"minecraft:spruce_planks":16,"minecraft:iron_pickaxe":1,"minecraft:furnace":1,"minecraft:iron_boots":2,"dark_soul:lothric_knight_armor_boots":1,"minecraft:stick":17,"minecraft:oak_fence":2,"minecraft:torch":59,"minecraft:diorite":16,"dark_soul:astor_straight_sword":1,"minecraft:stone_sword":5,"minecraft:rotten_flesh":74,"dark_soul:dragonslayer_greataxe":1,"minecraft:cobblestone":1564,"minecraft:enchanting_table":1,"dark_soul:loincloth_leggings":1,"dark_soul:silverore":20,"minecraft:cooked_beef":4,"dark_soul:large_titanite_shard":2,"minecraft:water_bucket":1,"minecraft:andesite":2,"minecraft:potato":1,"dark_soul:soulof_mitatheruinousqueen":2,"minecraft:flint":2,"projectvibrantjourneys:rocks":6,"minecraft:dirt":1601,"minecraft:lantern":1,"dark_soul:consecrated_metal":15,"minecraft:bone":26,"create:copper_ore":32,"minecraft:bow":2,"minecraft:wheat_seeds":7,"minecraft:mossy_stone_bricks":3,"spartanweaponry:saber_iron":1,"minecraft:oak_planks":63,"dark_soul:brass_set_chestplate":2,"minecraft:cooked_porkchop":9,"minecraft:lime_terracotta":8,"minecraft:stripped_spruce_log":3,"minecraft:grass_block":2,"dark_soul:shardtitanite":19,"minecraft:mossy_cobblestone":1,"minecraft:diamond":2,"minecraft:crossbow":6,"minecraft:granite":10,"minecraft:spruce_sign":1,"minecraft:emerald":10,"minecraft:oak_sapling":8,"minecraft:netherrack":2,"minecraft:dark_oak_fence":6,"minecraft:crafting_table":5,"dark_soul:pieceof_poisonous_metal":20,"minecraft:stone_brick_wall":4,"gravestone:obituary":3,"dark_soul:milwood_knight_set_chestplate":1,"minecraft:wooden_sword":1,"minecraft:flint_and_steel":1,"minecraft:iron_shovel":1,"dark_soul:essenceofghost":1,"dark_soul:soul_ice_golem":1,"minecraft:beef":13,"create:zinc_ore":25,"minecraft:iron_nugget":2,"minecraft:poppy":2,"minecraft:spruce_trapdoor":3,"minecraft:egg":3,"minecraft:stone":2,"spartanshields:shield_basic_iron":1,"projectvibrantjourneys:bark_mushroom":9,"minecraft:tnt":13,"minecraft:arrow":37,"minecraft:hay_block":80,"minecraft:totem_of_undying":3,"minecraft:gold_ingot":1,"minecraft:mutton":13,"minecraft:rail":1,"minecraft:bone_block":9,"spartanshields:shield_tower_iron":1,"minecraft:white_wool":9,"minecraft:leather":8,"minecraft:oak_log":31,"minecraft:gunpowder":14,"minecraft:cobblestone_stairs":15,"minecraft:blue_bed":4,"minecraft:white_banner":2,"dark_soul:old_stone":1,"minecraft:stone_bricks":5,"minecraft:iron_ingot":47,"minecraft:stone_pickaxe":3,"minecraft:iron_ore":145,"dark_soul:steel_ore_hardened_stone":23,"minecraft:book":96,"dark_soul:corrupted_bone":4,"dark_soul:loincloth_chestplate":1,"dark_soul:brass_set_leggings":1,"spartanweaponry:lance_iron":1,"minecraft:gravel":11,"minecraft:spruce_sapling":43,"minecraft:blast_furnace":1,"minecraft:spruce_log":353,"minecraft:gold_ore":5,"minecraft:spider_eye":11,"minecraft:purple_bed":1,"minecraft:polished_diorite":1,"minecraft:stone_axe":1,"minecraft:iron_helmet":3,"dark_soul:frozen_bone":2,"projectvibrantjourneys:twigs":3,"minecraft:dark_oak_wood":2,"minecraft:coal":504,"dark_soul:axof_flesh":1,"minecraft:ender_pearl":2},"minecraft:killed_by":{"minecraft:evoker":1,"minecraft:vindicator":2,"dark_soul:silver_knight":2,"minecraft:zombie":2,"minecraft:vex":1,"minecraft:player":1,"minecraft:skeleton":2},"minecraft:broken":{"minecraft:iron_shovel":7,"minecraft:iron_chestplate":1,"minecraft:iron_leggings":1,"minecraft:stone_axe":1,"minecraft:iron_sword":1,"dark_soul:utigatana":1,"minecraft:iron_axe":1,"minecraft:iron_pickaxe":7,"minecraft:iron_helmet":1},"minecraft:used":{"minecraft:iron_shovel":1769,"minecraft:chest":8,"minecraft:iron_sword":518,"minecraft:stone":2,"minecraft:rotten_flesh":4,"minecraft:stripped_spruce_log":3,"minecraft:stone_brick_stairs":24,"minecraft:stone_bricks":131,"dark_soul:astor_straight_sword":280,"minecraft:bow":6,"minecraft:oak_sapling":1,"minecraft:furnace":3,"minecraft:egg":1,"dark_soul:steel_pickaxe":356,"minecraft:spruce_door":1,"minecraft:stone_pickaxe":220,"minecraft:wooden_pickaxe":18,"minecraft:blue_bed":4,"minecraft:diamond_axe":44,"minecraft:blast_furnace":3,"minecraft:stone_brick_wall":54,"minecraft:bread":67,"minecraft:wooden_sword":7,"minecraft:grindstone":1,"minecraft:andesite":1,"minecraft:stone_sword":9,"minecraft:spruce_planks":35,"spartanweaponry:greatsword_iron":131,"minecraft:torch":115,"minecraft:dirt":482,"spartanweaponry:hammer_iron":32,"minecraft:spruce_fence":5,"minecraft:polished_diorite":1,"minecraft:stone_brick_slab":6,"minecraft:iron_axe":491,"minecraft:cooked_beef":21,"dark_soul:consecrated_pickaxe":1,"minecraft:water_bucket":32,"minecraft:cobblestone_stairs":21,"minecraft:spruce_sign":5,"minecraft:spruce_fence_gate":1,"minecraft:crafting_table":8,"dark_soul:old_stone":1,"minecraft:spruce_log":261,"minecraft:smoker":1,"spartanweaponry:lance_wood":1,"minecraft:iron_pickaxe":1688,"minecraft:spruce_trapdoor":31,"spartanweaponry:lance_iron":167,"minecraft:spruce_sapling":20,"spartanshields:shield_basic_iron":67,"minecraft:stone_axe":132,"minecraft:cobblestone":892,"dark_soul:utigatana":461,"minecraft:purple_bed":1,"minecraft:cooked_porkchop":2,"minecraft:bucket":33},"minecraft:custom":{"minecraft:interact_with_crafting_table":100,"minecraft:open_barrel":34,"minecraft:leave_game":15,"minecraft:time_since_death":287,"minecraft:sprint_one_cm":2047611,"minecraft:damage_blocked_by_shield":2935,"minecraft:drop":126,"minecraft:talked_to_villager":37,"minecraft:deaths":11,"minecraft:jump":8032,"minecraft:walk_on_water_one_cm":69417,"minecraft:interact_with_furnace":100,"minecraft:traded_with_villager":21,"minecraft:play_one_minute":729684,"minecraft:sleep_in_bed":21,"minecraft:damage_dealt":103844,"minecraft:crouch_one_cm":95802,"minecraft:interact_with_smoker":13,"minecraft:interact_with_smithing_table":3,"minecraft:mob_kills":303,"minecraft:interact_with_anvil":2,"minecraft:damage_dealt_resisted":12,"minecraft:climb_one_cm":11810,"minecraft:walk_one_cm":2292173,"minecraft:sneak_time":31620,"minecraft:walk_under_water_one_cm":10907,"minecraft:interact_with_blast_furnace":56,"minecraft:interact_with_grindstone":3,"minecraft:time_since_rest":313,"minecraft:damage_taken":10209,"minecraft:swim_one_cm":26966,"minecraft:fly_one_cm":1529965,"minecraft:open_chest":325,"minecraft:fall_one_cm":179714},"minecraft:crafted":{"minecraft:smooth_stone":114,"minecraft:oak_planks":64,"spartanshields:shield_basic_iron":1,"dark_soul:steel_pickaxe":1,"minecraft:stone":259,"minecraft:cobblestone_stairs":44,"dark_soul:utigatana":3,"minecraft:stone_brick_slab":6,"minecraft:chest":8,"spartanweaponry:lance_iron":1,"minecraft:stone_bricks":244,"minecraft:smoker":1,"spartanshields:shield_basic_wood":1,"minecraft:emerald":21,"minecraft:diamond_axe":1,"minecraft:crafting_table":3,"minecraft:spruce_planks":468,"minecraft:wooden_pickaxe":1,"minecraft:spruce_door":3,"dark_soul:consecrated_pickaxe":1,"minecraft:gold_block":18,"minecraft:stone_brick_stairs":24,"minecraft:spruce_trapdoor":28,"minecraft:diamond_pickaxe":1,"minecraft:stick":740,"minecraft:iron_ingot":134,"minecraft:iron_pickaxe":5,"minecraft:iron_block":41,"minecraft:stone_sword":2,"minecraft:gold_ingot":15,"minecraft:spruce_fence_gate":1,"minecraft:wooden_sword":1,"minecraft:stone_brick_wall":60,"minecraft:furnace":4,"minecraft:blast_furnace":2,"dark_soul:silver_bar":25,"minecraft:spruce_fence":6,"spartanweaponry:lance_wood":1,"minecraft:polished_diorite":4,"minecraft:iron_axe":2,"minecraft:stone_pickaxe":2,"dark_soul:astor_straight_sword":2,"minecraft:wheat":72,"minecraft:cooked_beef":48,"minecraft:spruce_sign":3,"spartanweaponry:pole":2,"spartanweaponry:handle":4,"dark_soul:steel_ignot":18,"minecraft:stone_axe":2,"minecraft:bread":45,"minecraft:air":0,"minecraft:iron_shovel":7,"minecraft:torch":56,"create:zinc_ingot":32}},"DataVersion":2586}