{"stats":{"minecraft:broken":{"minecraft:iron_shovel":7,"minecraft:iron_chestplate":1,"minecraft:iron_leggings":1,"minecraft:stone_axe":1,"minecraft:iron_sword":2,"dark_soul:utigatana":1,"minecraft:iron_axe":1,"minecraft:iron_pickaxe":7,"minecraft:iron_helmet":1},"minecraft:crafted":{"minecraft:smooth_stone":114,"minecraft:oak_planks":80,"spartanshields:shield_basic_iron":1,"dark_soul:steel_pickaxe":1,"minecraft:stone":408,"minecraft:cobblestone_stairs":44,"dark_soul:utigatana":3,"spartanshields:shield_basic_diamond":1,"minecraft:stone_brick_slab":48,"minecraft:chest":8,"spartanweaponry:lance_iron":1,"minecraft:stone_bricks":372,"minecraft:smoker":1,"spartanshields:shield_basic_wood":2,"minecraft:emerald":21,"minecraft:diamond_axe":1,"minecraft:crafting_table":3,"minecraft:spruce_planks":520,"minecraft:wooden_pickaxe":1,"minecraft:spruce_door":3,"dark_soul:consecrated_pickaxe":1,"minecraft:gold_block":18,"minecraft:stone_brick_stairs":68,"minecraft:spruce_trapdoor":44,"minecraft:diamond_pickaxe":1,"minecraft:stick":744,"minecraft:iron_ingot":134,"minecraft:iron_pickaxe":5,"dark_soul:big_axe_dark_knight":1,"minecraft:iron_block":41,"minecraft:stone_sword":2,"minecraft:gold_ingot":15,"minecraft:spruce_fence_gate":1,"dark_soul:poisonous_ingots":5,"minecraft:wooden_sword":1,"minecraft:stone_brick_wall":60,"minecraft:fishing_rod":1,"minecraft:furnace":4,"minecraft:blast_furnace":2,"dark_soul:silver_bar":29,"minecraft:spruce_fence":6,"spartanweaponry:lance_wood":1,"minecraft:polished_diorite":4,"minecraft:iron_axe":2,"minecraft:stone_pickaxe":2,"dark_soul:astor_straight_sword":2,"minecraft:wheat":72,"minecraft:cooked_beef":48,"minecraft:spruce_sign":3,"spartanweaponry:pole":2,"spartanweaponry:handle":4,"dark_soul:steel_ignot":26,"minecraft:stone_axe":2,"minecraft:bread":45,"minecraft:air":0,"minecraft:iron_shovel":7,"minecraft:torch":56,"create:zinc_ingot":32},"minecraft:killed_by":{"minecraft:evoker":1,"minecraft:vindicator":2,"dark_soul:silver_knight":2,"minecraft:zombie":2,"minecraft:vex":1,"minecraft:player":1,"minecraft:skeleton":2},"minecraft:dropped":{"dark_soul:steel_ignot":27,"minecraft:gold_ore":2,"minecraft:spruce_sign":1,"dark_soul:loincloth_chestplate":1,"minecraft:crossbow":4,"minecraft:lime_terracotta":8,"minecraft:leather":4,"dark_soul:hardened_stone":1,"minecraft:cod":12,"minecraft:emerald":2,"minecraft:dirt":991,"dark_soul:consecrated_metal":15,"minecraft:dark_oak_fence":6,"gravestone:obituary":9,"dark_soul:dragonslayer_greataxe":1,"dark_soul:shardtitanite":6,"minecraft:dark_oak_planks":1,"desolation:scorched_tuft_small":5,"minecraft:white_wool":9,"projectvibrantjourneys:bark_mushroom":5,"dark_soul:dark_knight_armor_chestplate":2,"minecraft:iron_nugget":1,"projectvibrantjourneys:twigs":3,"minecraft:wheat":8,"minecraft:rotten_flesh":53,"minecraft:oak_planks":3,"dark_soul:silver_bar":10,"minecraft:salmon":5,"minecraft:poppy":2,"minecraft:gunpowder":24,"minecraft:charcoal":6,"minecraft:stone_brick_wall":8,"dark_soul:frozen_bone":2,"minecraft:iron_bars":1,"minecraft:arrow":18,"dark_soul:flowering_moss":1,"minecraft:stone_brick_stairs":1,"minecraft:iron_ingot":13,"minecraft:wheat_seeds":5,"minecraft:oak_fence":2,"minecraft:book":7,"minecraft:cobblestone":12,"minecraft:apple":4,"minecraft:coal":8,"projectvibrantjourneys:rocks":4,"minecraft:stick":4,"minecraft:pufferfish":1,"minecraft:diorite":4,"minecraft:torch":1,"dark_soul:utigatana":1,"minecraft:oak_stairs":2,"minecraft:white_banner":1,"minecraft:iron_axe":1,"dark_soul:corrupted_bone":1,"minecraft:string":40,"minecraft:lily_pad":1,"minecraft:spruce_sapling":14,"minecraft:sweet_berries":19,"dark_soul:dark_knight_armor_boots":3,"dark_soul:poisonous_ingots":5,"minecraft:stone_sword":3,"minecraft:bowl":1,"minecraft:spruce_fence":1,"dark_soul:brass_set_chestplate":1,"minecraft:suspicious_stew":1,"minecraft:potato":3,"minecraft:stone":2,"minecraft:spruce_trapdoor":2,"minecraft:spruce_planks":4,"dark_soul:dark_knight_armor_helmet":2,"minecraft:andesite":1,"minecraft:mossy_stone_bricks":3,"dark_soul:loincloth_leggings":1,"minecraft:spider_eye":3,"minecraft:stone_bricks":16,"minecraft:slime_ball":4,"minecraft:stone_pickaxe":1,"dark_soul:spear":2},"minecraft:custom":{"minecraft:interact_with_crafting_table":125,"minecraft:open_barrel":36,"minecraft:leave_game":24,"minecraft:time_since_death":157054,"minecraft:sprint_one_cm":2690575,"minecraft:damage_blocked_by_shield":2935,"minecraft:drop":192,"minecraft:talked_to_villager":37,"minecraft:deaths":11,"minecraft:jump":10259,"minecraft:walk_on_water_one_cm":105532,"minecraft:interact_with_furnace":108,"minecraft:traded_with_villager":21,"minecraft:play_one_minute":886451,"minecraft:sleep_in_bed":25,"minecraft:damage_dealt":169993,"minecraft:crouch_one_cm":99342,"minecraft:interact_with_smoker":13,"minecraft:interact_with_smithing_table":3,"minecraft:interact_with_anvil":2,"minecraft:mob_kills":421,"minecraft:damage_dealt_resisted":58,"minecraft:climb_one_cm":16498,"minecraft:walk_one_cm":2728178,"minecraft:sneak_time":32723,"minecraft:walk_under_water_one_cm":14515,"minecraft:interact_with_blast_furnace":56,"minecraft:interact_with_grindstone":4,"minecraft:time_since_rest":86039,"minecraft:damage_taken":13104,"minecraft:swim_one_cm":43135,"minecraft:fly_one_cm":2060331,"minecraft:open_chest":455,"minecraft:fish_caught":18,"minecraft:fall_one_cm":237639},"minecraft:killed":{"minecraft:cave_spider":18,"minecraft:spider":26,"dark_soul:mob_ghost":41,"dark_soul:wandering_demon":1,"minecraft:skeleton":33,"dark_soul:crystal_golem":2,"minecraft:illusioner":8,"dark_soul:ogre":5,"dark_soul:knight_lothric_spear_with_spear":1,"minecraft:zombie_villager":1,"dark_soul:nameless_king":1,"dark_soul:silver_knight":9,"minecraft:creeper":21,"minecraft:sheep":8,"dark_soul:old_king_demon":2,"minecraft:pillager":36,"minecraft:zombie":38,"dark_soul:rotten_zombie":14,"dark_soul:frozen_zombie":3,"dark_soul:fleshthe_undead":3,"dark_soul:corrupted_skeleton":6,"minecraft:evoker":3,"minecraft:vex":4,"minecraft:vindicator":25,"dark_soul:ice_golem_boss":2,"dark_soul:titanium_demon":2,"dark_soul:milwood_knight":2,"dark_soul:two_stage_gundur":1,"dark_soul:black_knight":4,"dark_soul:brass_knight":5,"minecraft:drowned":2,"dark_soul:oldskelet":11,"dark_soul:meat_golem":2,"dark_soul:frozen_skeleton":6,"dark_soul:slave_golem":6,"dark_soul:hollow":33,"minecraft:enderman":6},"minecraft:picked_up":{"minecraft:iron_chestplate":2,"minecraft:redstone_block":2,"minecraft:suspicious_stew":1,"minecraft:oak_stairs":2,"minecraft:enchanted_book":1,"minecraft:stone_brick_stairs":8,"dark_soul:soul_gwyn":1,"minecraft:string":82,"minecraft:soul_soil":1,"minecraft:iron_leggings":1,"minecraft:pufferfish":1,"minecraft:gold_nugget":2,"dark_soul:demonic_titanite":1,"minecraft:spruce_planks":16,"minecraft:iron_pickaxe":1,"minecraft:iron_boots":2,"minecraft:furnace":1,"dark_soul:lothric_knight_armor_boots":1,"minecraft:stick":19,"minecraft:oak_fence":2,"minecraft:torch":61,"dark_soul:tongue":2,"minecraft:diorite":16,"dark_soul:astor_straight_sword":1,"minecraft:stone_sword":5,"minecraft:rotten_flesh":91,"dark_soul:titanite_chunk":2,"dark_soul:dragonslayer_greataxe":1,"minecraft:iron_bars":1,"minecraft:cod":12,"dark_soul:poisonous_ingots":5,"minecraft:cobblestone":1564,"dark_soul:loincloth_leggings":1,"minecraft:enchanting_table":1,"dark_soul:silverore":20,"minecraft:cooked_beef":4,"dark_soul:large_titanite_shard":2,"minecraft:water_bucket":1,"minecraft:andesite":2,"minecraft:potato":4,"dark_soul:soulof_mitatheruinousqueen":2,"minecraft:flint":2,"projectvibrantjourneys:rocks":6,"minecraft:dirt":1615,"minecraft:lantern":2,"dark_soul:dark_knight_armor_boots":4,"dark_soul:consecrated_metal":15,"minecraft:bone":36,"create:copper_ore":32,"minecraft:bow":2,"minecraft:wheat_seeds":9,"minecraft:mossy_stone_bricks":3,"spartanweaponry:saber_iron":1,"minecraft:oak_planks":63,"dark_soul:brass_set_chestplate":2,"dark_soul:hardened_stone":2,"minecraft:cooked_porkchop":9,"minecraft:lime_terracotta":8,"minecraft:stripped_spruce_log":3,"minecraft:grass_block":2,"dark_soul:shardtitanite":33,"minecraft:mossy_cobblestone":1,"minecraft:diamond":2,"minecraft:crossbow":6,"minecraft:granite":10,"minecraft:spruce_sign":1,"minecraft:emerald":12,"dark_soul:fire_ignot":7,"minecraft:oak_sapling":8,"minecraft:netherrack":2,"minecraft:dark_oak_fence":6,"minecraft:crafting_table":5,"dark_soul:pieceof_poisonous_metal":20,"minecraft:stone_brick_wall":4,"gravestone:obituary":3,"dark_soul:dark_knight_armor_chestplate":3,"dark_soul:milwood_knight_set_chestplate":1,"dark_soul:silver_knight_set_helmet":2,"minecraft:iron_axe":1,"minecraft:wooden_sword":1,"minecraft:flint_and_steel":1,"minecraft:iron_shovel":1,"dark_soul:essenceofghost":7,"dark_soul:soul_ice_golem":3,"minecraft:beef":13,"create:zinc_ore":25,"minecraft:iron_nugget":2,"minecraft:poppy":2,"minecraft:spruce_trapdoor":3,"minecraft:egg":4,"minecraft:stone":2,"spartanshields:shield_basic_iron":1,"projectvibrantjourneys:bark_mushroom":9,"minecraft:bowl":1,"dark_soul:dark_knight_armor_helmet":2,"dark_soul:flowering_moss":1,"dark_soul:spear":2,"minecraft:dark_oak_planks":1,"minecraft:tnt":13,"minecraft:arrow":46,"minecraft:hay_block":91,"minecraft:totem_of_undying":3,"minecraft:gold_ingot":2,"minecraft:mutton":25,"minecraft:bone_block":9,"minecraft:rail":1,"spartanshields:shield_tower_iron":1,"minecraft:white_wool":27,"minecraft:salmon":5,"minecraft:leather":8,"desolation:ember_block":49,"minecraft:oak_log":35,"minecraft:lily_pad":1,"minecraft:gunpowder":26,"minecraft:cobblestone_stairs":15,"dark_soul:piece_brass":5,"minecraft:blue_bed":4,"minecraft:white_banner":2,"dark_soul:old_stone":1,"minecraft:stone_bricks":6,"minecraft:iron_ingot":60,"minecraft:stone_pickaxe":3,"minecraft:iron_ore":145,"dark_soul:old_king_demon_soul":2,"dark_soul:steel_ore_hardened_stone":48,"minecraft:book":423,"dark_soul:corrupted_bone":10,"dark_soul:loincloth_chestplate":1,"dark_soul:brass_set_leggings":1,"minecraft:stone_brick_slab":2,"spartanweaponry:lance_iron":1,"minecraft:gravel":11,"minecraft:spruce_sapling":44,"minecraft:blast_furnace":1,"minecraft:spruce_log":366,"minecraft:gold_ore":6,"minecraft:spider_eye":13,"dark_soul:big_axe_dark_knight":1,"minecraft:purple_bed":1,"minecraft:polished_diorite":1,"desolation:scorched_tuft_small":5,"minecraft:stone_axe":1,"minecraft:iron_helmet":3,"dark_soul:frozen_bone":4,"projectvibrantjourneys:twigs":3,"minecraft:dark_oak_wood":2,"minecraft:coal":504,"dark_soul:axof_flesh":2,"minecraft:ender_pearl":3},"minecraft:used":{"minecraft:iron_shovel":1769,"minecraft:chest":8,"minecraft:iron_sword":532,"minecraft:stone":2,"minecraft:rotten_flesh":4,"minecraft:stripped_spruce_log":3,"minecraft:lantern":1,"minecraft:stone_brick_stairs":68,"minecraft:stone_bricks":171,"dark_soul:astor_straight_sword":280,"minecraft:bow":6,"minecraft:oak_sapling":1,"minecraft:furnace":3,"minecraft:egg":1,"dark_soul:steel_pickaxe":452,"minecraft:spruce_door":1,"minecraft:stone_pickaxe":220,"minecraft:wooden_pickaxe":18,"minecraft:blue_bed":4,"minecraft:diamond_axe":186,"minecraft:blast_furnace":3,"minecraft:stone_brick_wall":54,"minecraft:bread":98,"minecraft:wooden_sword":7,"minecraft:grindstone":1,"minecraft:andesite":1,"minecraft:stone_sword":9,"minecraft:spruce_planks":35,"spartanweaponry:greatsword_iron":131,"dark_soul:big_axe_dark_knight":277,"minecraft:torch":116,"minecraft:dirt":505,"spartanweaponry:hammer_iron":32,"minecraft:spruce_fence":5,"minecraft:polished_diorite":1,"minecraft:stone_brick_slab":48,"minecraft:iron_axe":491,"minecraft:cooked_beef":21,"dark_soul:consecrated_pickaxe":1,"minecraft:water_bucket":32,"minecraft:cobblestone_stairs":21,"minecraft:spruce_sign":5,"minecraft:spruce_fence_gate":1,"minecraft:crafting_table":8,"dark_soul:old_stone":1,"minecraft:spruce_log":261,"minecraft:smoker":1,"spartanweaponry:lance_wood":1,"minecraft:iron_pickaxe":1688,"minecraft:spruce_trapdoor":45,"spartanweaponry:lance_iron":167,"minecraft:spruce_sapling":20,"spartanshields:shield_basic_iron":67,"minecraft:stone_axe":132,"minecraft:fishing_rod":24,"minecraft:cobblestone":892,"dark_soul:utigatana":461,"minecraft:purple_bed":1,"minecraft:cooked_porkchop":2,"minecraft:bucket":33},"minecraft:mined":{"minecraft:spruce_planks":6,"minecraft:cobblestone_stairs":15,"desolation:scorched_tuft":1,"minecraft:spruce_trapdoor":3,"minecraft:granite":10,"minecraft:grass_block":1095,"minecraft:soul_soil":1,"minecraft:polished_diorite":1,"minecraft:spawner":3,"minecraft:weeping_vines_plant":1,"minecraft:iron_ore":132,"create:copper_ore":14,"minecraft:enchanting_table":1,"minecraft:oak_stairs":2,"minecraft:iron_bars":3,"minecraft:torch":5,"minecraft:dark_oak_wood":2,"projectvibrantjourneys:twigs":3,"minecraft:blast_furnace":1,"minecraft:poppy":2,"projectvibrantjourneys:natural_cobweb":1,"minecraft:spruce_wall_sign":4,"minecraft:cobblestone":33,"projectvibrantjourneys:fallen_leaves":17,"minecraft:oak_planks":10,"minecraft:wall_torch":21,"minecraft:seagrass":1,"desolation:ashbramble":1,"dark_soul:silverore":20,"minecraft:blue_ice":2,"minecraft:stone_brick_stairs":5,"minecraft:grass":34,"minecraft:oak_log":27,"minecraft:lime_terracotta":4,"minecraft:dirt":657,"dark_soul:steel_ore_hardened_stone":48,"minecraft:netherrack":2,"minecraft:oak_leaves":77,"create:zinc_ore":25,"minecraft:mossy_cobblestone":1,"minecraft:dark_oak_leaves":15,"projectvibrantjourneys:rocks":8,"minecraft:dark_oak_fence":7,"gravestone:gravestone":7,"desolation:scorched_tuft_small":6,"minecraft:spruce_leaves":185,"desolation:ember_block":49,"minecraft:large_fern":10,"minecraft:hay_block":91,"minecraft:spruce_sapling":1,"minecraft:furnace":1,"minecraft:andesite":1,"minecraft:stripped_spruce_log":3,"minecraft:bookshelf":148,"minecraft:lantern":2,"minecraft:stone":1424,"minecraft:bone_block":10,"desolation:scorched_tuft_medium":3,"minecraft:podzol":96,"minecraft:redstone_block":1,"minecraft:stone_brick_slab":2,"minecraft:crafting_table":5,"projectvibrantjourneys:mossy_rocks":1,"minecraft:tall_grass":3,"minecraft:blue_bed":4,"minecraft:diorite":14,"dark_soul:hardened_stone":2,"minecraft:black_stained_glass":2,"minecraft:purple_bed":1,"dark_soul:old_stone":1,"minecraft:spruce_log":299,"minecraft:coal_ore":499,"minecraft:gravel":13,"minecraft:cobweb":29,"minecraft:cracked_stone_bricks":1,"minecraft:stone_bricks":7,"minecraft:gold_ore":3,"minecraft:mossy_stone_bricks":4,"minecraft:infested_stone":1}},"DataVersion":2586}