{"stats":{"minecraft:picked_up":{"dark_soul:silverore":14,"minecraft:crafting_table":2,"minecraft:iron_chestplate":1,"minecraft:cooked_beef":4,"minecraft:water_bucket":1,"minecraft:andesite":2,"minecraft:leather":8,"minecraft:oak_log":15,"minecraft:dirt":14,"minecraft:blue_bed":3,"minecraft:string":11,"minecraft:wooden_sword":1,"minecraft:iron_leggings":1,"minecraft:bone":5,"create:copper_ore":32,"minecraft:wheat_seeds":4,"minecraft:stone_pickaxe":3,"minecraft:iron_ingot":1,"minecraft:beef":13,"minecraft:iron_ore":89,"create:zinc_ore":14,"minecraft:iron_pickaxe":1,"spartanweaponry:saber_iron":1,"minecraft:oak_planks":53,"minecraft:iron_boots":1,"minecraft:egg":1,"minecraft:stick":10,"spartanshields:shield_basic_iron":1,"minecraft:cooked_porkchop":9,"minecraft:oak_fence":2,"spartanweaponry:lance_iron":1,"minecraft:torch":21,"minecraft:gravel":4,"minecraft:spruce_sapling":26,"minecraft:blast_furnace":1,"minecraft:diorite":8,"minecraft:spruce_log":64,"minecraft:stone_sword":5,"minecraft:arrow":8,"minecraft:rotten_flesh":2,"minecraft:diamond":2,"minecraft:stone_axe":1,"minecraft:iron_helmet":2,"minecraft:granite":10,"minecraft:oak_sapling":8,"minecraft:mutton":13,"minecraft:coal":21,"spartanshields:shield_tower_iron":1,"minecraft:white_wool":9,"minecraft:cobblestone":272},"minecraft:used":{"minecraft:water_bucket":19,"minecraft:stone_sword":9,"minecraft:stone_pickaxe":107,"minecraft:wooden_pickaxe":18,"minecraft:blue_bed":3,"minecraft:torch":39,"minecraft:crafting_table":3,"minecraft:blast_furnace":1,"spartanweaponry:hammer_iron":6,"spartanweaponry:lance_wood":1,"minecraft:bread":15,"minecraft:iron_pickaxe":179,"spartanweaponry:lance_iron":131,"minecraft:spruce_sapling":2,"spartanshields:shield_basic_iron":14,"minecraft:stone_axe":90,"minecraft:wooden_sword":7,"minecraft:cobblestone":84,"minecraft:oak_sapling":1,"minecraft:cooked_porkchop":2,"minecraft:andesite":1,"minecraft:bucket":20,"minecraft:egg":1,"minecraft:cooked_beef":2},"minecraft:dropped":{"minecraft:sweet_berries":19,"minecraft:wheat_seeds":3,"minecraft:stone_sword":3,"minecraft:cobblestone":5,"minecraft:leather":4,"minecraft:dirt":6,"minecraft:torch":1,"minecraft:andesite":1,"minecraft:stone_pickaxe":1,"minecraft:string":6,"minecraft:spruce_sapling":12},"minecraft:crafted":{"spartanshields:shield_basic_wood":1,"minecraft:wooden_sword":1,"minecraft:oak_planks":52,"minecraft:emerald":21,"spartanshields:shield_basic_iron":1,"spartanweaponry:pole":2,"minecraft:crafting_table":1,"minecraft:spruce_planks":336,"minecraft:wooden_pickaxe":1,"spartanweaponry:handle":4,"minecraft:stone_axe":2,"minecraft:air":0,"spartanweaponry:lance_wood":1,"minecraft:stick":696,"minecraft:stone_pickaxe":1,"minecraft:stone_sword":1,"spartanweaponry:lance_iron":1,"minecraft:torch":16},"minecraft:killed_by":{"dark_soul:silver_knight":1,"minecraft:player":1,"minecraft:skeleton":2,"minecraft:zombie":1},"minecraft:mined":{"create:zinc_ore":14,"minecraft:dark_oak_leaves":15,"minecraft:crafting_table":2,"minecraft:torch":2,"gravestone:gravestone":1,"minecraft:granite":10,"minecraft:blast_furnace":1,"minecraft:grass_block":7,"minecraft:tall_grass":1,"minecraft:cobblestone":10,"minecraft:spruce_leaves":21,"minecraft:oak_planks":2,"minecraft:diorite":6,"minecraft:blue_bed":3,"minecraft:wall_torch":11,"minecraft:large_fern":1,"minecraft:iron_ore":76,"dark_soul:silverore":14,"minecraft:andesite":1,"minecraft:spruce_log":65,"create:copper_ore":14,"minecraft:grass":10,"minecraft:oak_log":16,"minecraft:coal_ore":20,"minecraft:gravel":4,"minecraft:dirt":7,"minecraft:cobweb":8,"minecraft:stone":128,"minecraft:oak_leaves":72},"minecraft:killed":{"minecraft:zombie_villager":1,"dark_soul:silver_knight":1,"dark_soul:mob_ghost":1,"minecraft:sheep":3,"minecraft:skeleton":3,"dark_soul:hollow":1},"minecraft:custom":{"minecraft:interact_with_furnace":4,"minecraft:mob_kills":11,"minecraft:traded_with_villager":21,"minecraft:interact_with_crafting_table":16,"minecraft:play_one_minute":165741,"minecraft:leave_game":4,"minecraft:time_since_death":60060,"minecraft:sleep_in_bed":4,"minecraft:time_since_rest":60169,"minecraft:sprint_one_cm":490531,"minecraft:damage_taken":1233,"minecraft:walk_one_cm":435241,"minecraft:damage_blocked_by_shield":545,"minecraft:drop":22,"minecraft:damage_dealt":2958,"minecraft:swim_one_cm":1274,"minecraft:talked_to_villager":34,"minecraft:fly_one_cm":319235,"minecraft:open_chest":27,"minecraft:crouch_one_cm":20779,"minecraft:deaths":5,"minecraft:sneak_time":7756,"minecraft:walk_under_water_one_cm":4541,"minecraft:jump":1867,"minecraft:walk_on_water_one_cm":21427,"minecraft:fall_one_cm":38471}},"DataVersion":2586}