{"stats":{"minecraft:picked_up":{"minecraft:crafting_table":2,"minecraft:iron_chestplate":1,"minecraft:cooked_beef":4,"minecraft:water_bucket":1,"minecraft:andesite":1,"minecraft:leather":8,"minecraft:oak_log":15,"minecraft:dirt":6,"minecraft:blue_bed":3,"minecraft:string":9,"minecraft:wooden_sword":1,"minecraft:iron_leggings":1,"minecraft:bone":5,"create:copper_ore":32,"minecraft:wheat_seeds":4,"minecraft:iron_ingot":1,"minecraft:beef":13,"minecraft:stone_pickaxe":3,"minecraft:iron_ore":44,"minecraft:iron_pickaxe":1,"spartanweaponry:saber_iron":1,"minecraft:oak_planks":49,"minecraft:iron_boots":1,"minecraft:egg":1,"minecraft:stick":10,"spartanshields:shield_basic_iron":1,"minecraft:cooked_porkchop":9,"spartanweaponry:lance_iron":1,"minecraft:torch":10,"minecraft:spruce_sapling":26,"minecraft:blast_furnace":1,"minecraft:diorite":8,"minecraft:spruce_log":64,"minecraft:stone_sword":5,"minecraft:arrow":8,"minecraft:rotten_flesh":2,"minecraft:diamond":2,"minecraft:stone_axe":1,"minecraft:iron_helmet":2,"minecraft:granite":2,"minecraft:oak_sapling":8,"minecraft:mutton":13,"minecraft:coal":21,"spartanshields:shield_tower_iron":1,"minecraft:white_wool":9,"minecraft:cobblestone":217},"minecraft:used":{"minecraft:water_bucket":19,"minecraft:stone_sword":9,"minecraft:stone_pickaxe":107,"minecraft:wooden_pickaxe":18,"minecraft:blue_bed":3,"minecraft:torch":19,"minecraft:crafting_table":3,"spartanweaponry:hammer_iron":3,"minecraft:blast_furnace":1,"spartanweaponry:lance_wood":1,"minecraft:bread":14,"minecraft:iron_pickaxe":18,"spartanweaponry:lance_iron":126,"minecraft:spruce_sapling":2,"spartanshields:shield_basic_iron":14,"minecraft:stone_axe":87,"minecraft:wooden_sword":7,"minecraft:cobblestone":59,"minecraft:oak_sapling":1,"minecraft:cooked_porkchop":2,"minecraft:bucket":20,"minecraft:egg":1,"minecraft:cooked_beef":2},"minecraft:dropped":{"minecraft:sweet_berries":19,"minecraft:wheat_seeds":3,"minecraft:stone_sword":3,"minecraft:cobblestone":5,"minecraft:leather":4,"minecraft:dirt":6,"minecraft:torch":1,"minecraft:andesite":1,"minecraft:stone_pickaxe":1,"minecraft:string":6,"minecraft:spruce_sapling":12},"minecraft:crafted":{"spartanshields:shield_basic_wood":1,"minecraft:wooden_sword":1,"minecraft:oak_planks":52,"minecraft:emerald":21,"spartanshields:shield_basic_iron":1,"spartanweaponry:pole":2,"minecraft:crafting_table":1,"minecraft:spruce_planks":336,"minecraft:wooden_pickaxe":1,"spartanweaponry:handle":4,"minecraft:stone_axe":2,"minecraft:air":0,"spartanweaponry:lance_wood":1,"minecraft:stick":696,"minecraft:stone_pickaxe":1,"minecraft:stone_sword":1,"spartanweaponry:lance_iron":1,"minecraft:torch":16},"minecraft:killed_by":{"dark_soul:silver_knight":1,"minecraft:player":1,"minecraft:skeleton":2,"minecraft:zombie":1},"minecraft:mined":{"minecraft:dark_oak_leaves":15,"minecraft:crafting_table":2,"minecraft:torch":2,"gravestone:gravestone":1,"minecraft:granite":2,"minecraft:blast_furnace":1,"minecraft:grass_block":6,"minecraft:cobblestone":4,"minecraft:tall_grass":1,"minecraft:spruce_leaves":21,"minecraft:diorite":6,"minecraft:blue_bed":3,"minecraft:large_fern":1,"minecraft:iron_ore":31,"minecraft:spruce_log":65,"create:copper_ore":14,"minecraft:grass":10,"minecraft:oak_log":16,"minecraft:coal_ore":20,"minecraft:cobweb":6,"minecraft:stone":67,"minecraft:oak_leaves":72},"minecraft:killed":{"minecraft:zombie_villager":1,"dark_soul:silver_knight":1,"dark_soul:mob_ghost":1,"minecraft:sheep":3,"minecraft:skeleton":3,"dark_soul:hollow":1},"minecraft:custom":{"minecraft:interact_with_furnace":4,"minecraft:mob_kills":11,"minecraft:traded_with_villager":21,"minecraft:interact_with_crafting_table":15,"minecraft:play_one_minute":132612,"minecraft:leave_game":3,"minecraft:time_since_death":26931,"minecraft:sleep_in_bed":4,"minecraft:time_since_rest":27040,"minecraft:sprint_one_cm":465192,"minecraft:damage_taken":1097,"minecraft:walk_one_cm":358609,"minecraft:damage_blocked_by_shield":545,"minecraft:drop":22,"minecraft:damage_dealt":2776,"minecraft:talked_to_villager":34,"minecraft:fly_one_cm":315536,"minecraft:open_chest":26,"minecraft:crouch_one_cm":15894,"minecraft:deaths":5,"minecraft:sneak_time":5809,"minecraft:walk_under_water_one_cm":2816,"minecraft:jump":1770,"minecraft:walk_on_water_one_cm":18425,"minecraft:fall_one_cm":36049}},"DataVersion":2586}