{"stats":{"minecraft:killed":{"minecraft:cave_spider":6,"minecraft:spider":5,"dark_soul:mob_ghost":7,"minecraft:skeleton":9,"dark_soul:black_knight":1,"dark_soul:brass_knight":1,"dark_soul:slave_golem":1,"minecraft:zombie_villager":1,"dark_soul:silver_knight":2,"minecraft:creeper":5,"minecraft:sheep":3,"minecraft:zombie":8,"dark_soul:rotten_zombie":1,"dark_soul:frozen_zombie":1,"dark_soul:hollow":3,"minecraft:enderman":3},"minecraft:used":{"minecraft:stone_sword":9,"minecraft:iron_shovel":1503,"minecraft:spruce_planks":1,"minecraft:stone":1,"minecraft:torch":59,"minecraft:dirt":223,"spartanweaponry:hammer_iron":32,"minecraft:stripped_spruce_log":3,"minecraft:iron_axe":469,"dark_soul:astor_straight_sword":178,"minecraft:furnace":3,"minecraft:oak_sapling":1,"minecraft:egg":1,"minecraft:cooked_beef":13,"minecraft:water_bucket":19,"minecraft:stone_pickaxe":220,"minecraft:wooden_pickaxe":18,"minecraft:blue_bed":4,"minecraft:crafting_table":5,"minecraft:blast_furnace":3,"minecraft:spruce_log":261,"minecraft:smoker":1,"spartanweaponry:lance_wood":1,"minecraft:bread":19,"minecraft:iron_pickaxe":607,"spartanweaponry:lance_iron":167,"minecraft:spruce_sapling":20,"spartanshields:shield_basic_iron":25,"minecraft:stone_axe":132,"minecraft:wooden_sword":7,"minecraft:cobblestone":306,"minecraft:cooked_porkchop":2,"minecraft:bucket":20,"minecraft:andesite":1},"minecraft:broken":{"minecraft:iron_shovel":6,"minecraft:iron_axe":1,"minecraft:stone_axe":1,"minecraft:iron_pickaxe":2},"minecraft:picked_up":{"minecraft:crafting_table":4,"minecraft:iron_chestplate":1,"minecraft:string":35,"minecraft:wooden_sword":1,"minecraft:iron_leggings":1,"minecraft:spruce_planks":14,"minecraft:beef":13,"create:zinc_ore":25,"minecraft:poppy":2,"minecraft:iron_pickaxe":1,"minecraft:egg":1,"minecraft:iron_boots":1,"minecraft:furnace":1,"minecraft:stick":17,"spartanshields:shield_basic_iron":1,"projectvibrantjourneys:bark_mushroom":4,"minecraft:oak_fence":2,"minecraft:torch":21,"minecraft:diorite":12,"minecraft:stone_sword":5,"minecraft:arrow":13,"minecraft:rotten_flesh":14,"minecraft:mutton":13,"minecraft:cobblestone":431,"minecraft:rail":1,"spartanshields:shield_tower_iron":1,"minecraft:white_wool":9,"dark_soul:silverore":20,"minecraft:cooked_beef":4,"minecraft:water_bucket":1,"minecraft:andesite":2,"minecraft:leather":8,"minecraft:oak_log":28,"minecraft:gunpowder":6,"projectvibrantjourneys:rocks":3,"minecraft:blue_bed":4,"minecraft:dirt":1238,"minecraft:bone":9,"create:copper_ore":32,"minecraft:bow":1,"minecraft:wheat_seeds":7,"minecraft:stone_pickaxe":3,"minecraft:iron_ingot":26,"minecraft:iron_ore":145,"spartanweaponry:saber_iron":1,"minecraft:oak_planks":61,"dark_soul:brass_set_chestplate":1,"minecraft:cooked_porkchop":9,"spartanweaponry:lance_iron":1,"minecraft:gravel":4,"minecraft:stripped_spruce_log":3,"minecraft:spruce_sapling":43,"minecraft:blast_furnace":1,"minecraft:grass_block":2,"minecraft:spruce_log":347,"minecraft:gold_ore":3,"dark_soul:shardtitanite":2,"minecraft:spider_eye":4,"minecraft:diamond":2,"minecraft:stone_axe":1,"minecraft:iron_helmet":2,"minecraft:granite":10,"minecraft:oak_sapling":8,"projectvibrantjourneys:twigs":2,"minecraft:coal":326,"minecraft:ender_pearl":1},"minecraft:mined":{"create:zinc_ore":25,"minecraft:spruce_planks":1,"minecraft:dark_oak_leaves":15,"projectvibrantjourneys:rocks":3,"gravestone:gravestone":1,"minecraft:granite":10,"minecraft:grass_block":949,"minecraft:spruce_leaves":161,"minecraft:large_fern":2,"minecraft:spruce_sapling":1,"minecraft:furnace":1,"minecraft:iron_ore":132,"minecraft:andesite":1,"minecraft:stripped_spruce_log":3,"create:copper_ore":14,"minecraft:stone":275,"minecraft:podzol":93,"minecraft:crafting_table":4,"minecraft:torch":2,"projectvibrantjourneys:twigs":3,"minecraft:blast_furnace":1,"minecraft:poppy":2,"projectvibrantjourneys:natural_cobweb":1,"minecraft:tall_grass":1,"minecraft:cobblestone":21,"projectvibrantjourneys:fallen_leaves":14,"minecraft:oak_planks":8,"minecraft:diorite":10,"minecraft:blue_bed":4,"minecraft:wall_torch":11,"dark_soul:silverore":20,"minecraft:spruce_log":279,"minecraft:grass":19,"minecraft:oak_log":20,"minecraft:coal_ore":321,"minecraft:gravel":4,"minecraft:dirt":480,"minecraft:cobweb":20,"minecraft:gold_ore":3,"minecraft:oak_leaves":72},"minecraft:custom":{"minecraft:mob_kills":58,"minecraft:interact_with_crafting_table":39,"minecraft:leave_game":6,"minecraft:time_since_death":228800,"minecraft:climb_one_cm":6,"minecraft:sprint_one_cm":889354,"minecraft:walk_one_cm":1032616,"minecraft:damage_blocked_by_shield":1055,"minecraft:drop":50,"minecraft:talked_to_villager":34,"minecraft:deaths":5,"minecraft:sneak_time":14228,"minecraft:walk_under_water_one_cm":4541,"minecraft:jump":3515,"minecraft:interact_with_blast_furnace":46,"minecraft:walk_on_water_one_cm":21738,"minecraft:interact_with_furnace":55,"minecraft:traded_with_villager":21,"minecraft:play_one_minute":334481,"minecraft:sleep_in_bed":7,"minecraft:time_since_rest":60221,"minecraft:damage_taken":2275,"minecraft:damage_dealt":15449,"minecraft:swim_one_cm":1274,"minecraft:fly_one_cm":605142,"minecraft:open_chest":78,"minecraft:crouch_one_cm":40068,"minecraft:interact_with_smoker":11,"minecraft:fall_one_cm":78355},"minecraft:killed_by":{"minecraft:player":1,"dark_soul:silver_knight":1,"minecraft:skeleton":2,"minecraft:zombie":1},"minecraft:crafted":{"minecraft:wooden_sword":1,"minecraft:oak_planks":52,"minecraft:smooth_stone":11,"spartanshields:shield_basic_iron":1,"minecraft:furnace":4,"minecraft:blast_furnace":2,"minecraft:stone":11,"dark_soul:silver_bar":25,"spartanweaponry:lance_wood":1,"minecraft:iron_axe":2,"minecraft:stone_pickaxe":2,"spartanweaponry:lance_iron":1,"dark_soul:astor_straight_sword":2,"minecraft:smoker":1,"spartanshields:shield_basic_wood":1,"minecraft:cooked_beef":19,"minecraft:emerald":21,"spartanweaponry:pole":2,"minecraft:crafting_table":2,"minecraft:spruce_planks":380,"minecraft:wooden_pickaxe":1,"spartanweaponry:handle":4,"minecraft:stone_axe":2,"minecraft:air":0,"minecraft:diamond_pickaxe":1,"minecraft:stick":728,"minecraft:iron_ingot":97,"minecraft:iron_pickaxe":2,"minecraft:stone_sword":2,"minecraft:iron_shovel":6,"minecraft:gold_ingot":15,"minecraft:torch":56,"create:zinc_ingot":32},"minecraft:dropped":{"minecraft:wheat_seeds":3,"minecraft:oak_fence":2,"minecraft:cobblestone":5,"minecraft:leather":4,"projectvibrantjourneys:rocks":2,"minecraft:dirt":939,"minecraft:torch":1,"minecraft:string":8,"minecraft:spruce_sapling":14,"minecraft:sweet_berries":19,"minecraft:stone_sword":3,"projectvibrantjourneys:twigs":2,"minecraft:poppy":2,"minecraft:gunpowder":4,"minecraft:andesite":1,"minecraft:spider_eye":1,"minecraft:stone_pickaxe":1}},"DataVersion":2586}