{"stats":{"minecraft:killed":{"minecraft:cave_spider":6,"minecraft:spider":1,"dark_soul:mob_ghost":4,"minecraft:skeleton":5,"dark_soul:black_knight":1,"dark_soul:brass_knight":1,"minecraft:zombie_villager":1,"dark_soul:silver_knight":2,"minecraft:creeper":4,"minecraft:sheep":3,"minecraft:zombie":3,"dark_soul:rotten_zombie":1,"dark_soul:frozen_zombie":1,"dark_soul:hollow":2,"minecraft:enderman":3},"minecraft:used":{"minecraft:stone_sword":9,"minecraft:torch":57,"spartanweaponry:hammer_iron":32,"dark_soul:astor_straight_sword":118,"minecraft:furnace":3,"minecraft:oak_sapling":1,"minecraft:egg":1,"minecraft:cooked_beef":4,"minecraft:water_bucket":19,"minecraft:stone_pickaxe":202,"minecraft:wooden_pickaxe":18,"minecraft:blue_bed":3,"minecraft:crafting_table":5,"minecraft:blast_furnace":3,"minecraft:smoker":1,"spartanweaponry:lance_wood":1,"minecraft:bread":19,"minecraft:iron_pickaxe":511,"spartanweaponry:lance_iron":167,"minecraft:spruce_sapling":2,"spartanshields:shield_basic_iron":17,"minecraft:stone_axe":103,"minecraft:wooden_sword":7,"minecraft:cobblestone":108,"minecraft:cooked_porkchop":2,"minecraft:bucket":20,"minecraft:andesite":1},"minecraft:broken":{"minecraft:iron_pickaxe":2},"minecraft:picked_up":{"minecraft:crafting_table":4,"minecraft:iron_chestplate":1,"minecraft:string":31,"minecraft:wooden_sword":1,"minecraft:iron_leggings":1,"minecraft:beef":13,"create:zinc_ore":25,"minecraft:poppy":2,"minecraft:iron_pickaxe":1,"minecraft:egg":1,"minecraft:iron_boots":1,"minecraft:furnace":1,"minecraft:stick":10,"spartanshields:shield_basic_iron":1,"minecraft:oak_fence":2,"minecraft:torch":21,"minecraft:diorite":8,"minecraft:stone_sword":5,"minecraft:arrow":11,"minecraft:rotten_flesh":9,"minecraft:mutton":13,"minecraft:cobblestone":323,"minecraft:rail":1,"spartanshields:shield_tower_iron":1,"minecraft:white_wool":9,"dark_soul:silverore":20,"minecraft:cooked_beef":4,"minecraft:water_bucket":1,"minecraft:andesite":2,"minecraft:leather":8,"minecraft:oak_log":15,"minecraft:gunpowder":4,"minecraft:blue_bed":3,"minecraft:dirt":26,"minecraft:bone":5,"create:copper_ore":32,"minecraft:bow":1,"minecraft:wheat_seeds":4,"minecraft:stone_pickaxe":3,"minecraft:iron_ingot":23,"minecraft:iron_ore":145,"spartanweaponry:saber_iron":1,"minecraft:oak_planks":61,"dark_soul:brass_set_chestplate":1,"minecraft:cooked_porkchop":9,"spartanweaponry:lance_iron":1,"minecraft:gravel":4,"minecraft:spruce_sapling":26,"minecraft:blast_furnace":1,"minecraft:grass_block":1,"minecraft:spruce_log":69,"minecraft:gold_ore":3,"minecraft:spider_eye":3,"minecraft:diamond":2,"minecraft:stone_axe":1,"minecraft:iron_helmet":2,"minecraft:granite":10,"minecraft:oak_sapling":8,"minecraft:coal":322,"minecraft:ender_pearl":1},"minecraft:mined":{"create:zinc_ore":25,"minecraft:dark_oak_leaves":15,"gravestone:gravestone":1,"minecraft:granite":10,"minecraft:grass_block":12,"minecraft:spruce_leaves":21,"minecraft:large_fern":2,"minecraft:furnace":1,"minecraft:iron_ore":132,"minecraft:andesite":1,"create:copper_ore":14,"minecraft:stone":173,"minecraft:crafting_table":4,"minecraft:torch":2,"minecraft:blast_furnace":1,"minecraft:poppy":2,"minecraft:tall_grass":1,"minecraft:cobblestone":14,"minecraft:oak_planks":8,"minecraft:diorite":6,"minecraft:blue_bed":3,"minecraft:wall_torch":11,"dark_soul:silverore":20,"minecraft:spruce_log":70,"minecraft:grass":10,"minecraft:oak_log":16,"minecraft:coal_ore":321,"minecraft:gravel":4,"minecraft:dirt":16,"minecraft:cobweb":20,"minecraft:gold_ore":3,"minecraft:oak_leaves":72},"minecraft:custom":{"minecraft:mob_kills":39,"minecraft:interact_with_crafting_table":32,"minecraft:leave_game":5,"minecraft:time_since_death":126479,"minecraft:sprint_one_cm":637965,"minecraft:walk_one_cm":637691,"minecraft:damage_blocked_by_shield":675,"minecraft:drop":26,"minecraft:talked_to_villager":34,"minecraft:deaths":5,"minecraft:sneak_time":10374,"minecraft:walk_under_water_one_cm":4541,"minecraft:jump":2392,"minecraft:interact_with_blast_furnace":36,"minecraft:walk_on_water_one_cm":21427,"minecraft:interact_with_furnace":43,"minecraft:traded_with_villager":21,"minecraft:play_one_minute":232160,"minecraft:sleep_in_bed":4,"minecraft:time_since_rest":126588,"minecraft:damage_taken":1642,"minecraft:damage_dealt":10479,"minecraft:swim_one_cm":1274,"minecraft:fly_one_cm":409596,"minecraft:open_chest":61,"minecraft:crouch_one_cm":27385,"minecraft:interact_with_smoker":8,"minecraft:fall_one_cm":51813},"minecraft:killed_by":{"minecraft:player":1,"dark_soul:silver_knight":1,"minecraft:skeleton":2,"minecraft:zombie":1},"minecraft:crafted":{"minecraft:wooden_sword":1,"minecraft:oak_planks":52,"minecraft:smooth_stone":11,"spartanshields:shield_basic_iron":1,"minecraft:furnace":4,"minecraft:blast_furnace":2,"minecraft:stone":11,"dark_soul:silver_bar":20,"spartanweaponry:lance_wood":1,"minecraft:stone_pickaxe":2,"spartanweaponry:lance_iron":1,"dark_soul:astor_straight_sword":2,"minecraft:smoker":1,"spartanshields:shield_basic_wood":1,"minecraft:cooked_beef":19,"minecraft:emerald":21,"spartanweaponry:pole":2,"minecraft:crafting_table":2,"minecraft:spruce_planks":336,"minecraft:wooden_pickaxe":1,"spartanweaponry:handle":4,"minecraft:stone_axe":2,"minecraft:air":0,"minecraft:diamond_pickaxe":1,"minecraft:stick":704,"minecraft:iron_ingot":97,"minecraft:iron_pickaxe":1,"minecraft:stone_sword":2,"minecraft:gold_ingot":15,"minecraft:torch":56,"create:zinc_ingot":32},"minecraft:dropped":{"minecraft:wheat_seeds":3,"minecraft:oak_fence":2,"minecraft:cobblestone":5,"minecraft:leather":4,"minecraft:dirt":6,"minecraft:torch":1,"minecraft:string":6,"minecraft:spruce_sapling":12,"minecraft:sweet_berries":19,"minecraft:stone_sword":3,"minecraft:gunpowder":3,"minecraft:andesite":1,"minecraft:stone_pickaxe":1}},"DataVersion":2586}