{"stats":{"minecraft:mined":{"minecraft:coal_ore":18,"minecraft:grass_block":2,"minecraft:oak_log":11,"minecraft:dirt":39,"minecraft:cobblestone":2,"minecraft:spruce_log":6,"minecraft:spruce_leaves":34,"minecraft:stone":626,"minecraft:diorite":3,"minecraft:oak_leaves":93},"minecraft:used":{"minecraft:dirt":3,"minecraft:cobblestone":2,"minecraft:stone_pickaxe":29,"minecraft:wooden_pickaxe":17},"minecraft:crafted":{"minecraft:stone_sword":1,"minecraft:oak_planks":44,"minecraft:stone_axe":1,"minecraft:cooked_porkchop":8,"minecraft:spruce_planks":24,"minecraft:stick":8,"minecraft:stone_pickaxe":1,"minecraft:wooden_pickaxe":1,"minecraft:air":0},"minecraft:killed_by":{"minecraft:skeleton":2,"minecraft:zombie":1},"minecraft:picked_up":{"minecraft:stick":1,"minecraft:oak_log":11,"minecraft:diorite":2,"minecraft:spruce_log":6,"minecraft:oak_sapling":2,"minecraft:coal":16,"minecraft:dirt":40,"minecraft:cobblestone":433},"minecraft:custom":{"minecraft:time_since_rest":10560,"minecraft:play_one_minute":13668,"minecraft:walk_one_cm":25861,"minecraft:interact_with_furnace":1,"minecraft:sprint_one_cm":27844,"minecraft:damage_taken":245,"minecraft:deaths":3,"minecraft:jump":256,"minecraft:leave_game":1,"minecraft:time_since_death":10536,"minecraft:walk_on_water_one_cm":230,"minecraft:interact_with_crafting_table":2,"minecraft:fall_one_cm":5438,"minecraft:fly_one_cm":54543}},"DataVersion":2586}