{"stats":{"minecraft:broken":{"minecraft:iron_boots":1,"minecraft:stone_pickaxe":2,"minecraft:stone_axe":1,"minecraft:wooden_axe":1,"dark_soul:utigatana":1,"minecraft:iron_pickaxe":1},"minecraft:crafted":{"minecraft:oak_planks":76,"minecraft:stone":83,"minecraft:bookshelf":27,"minecraft:cooked_mutton":8,"minecraft:iron_boots":1,"minecraft:chest":9,"minecraft:stone_bricks":111,"spartanshields:shield_tower_iron":1,"minecraft:cooked_porkchop":20,"minecraft:crafting_table":3,"minecraft:spruce_planks":356,"minecraft:wooden_pickaxe":3,"minecraft:iron_helmet":1,"minecraft:iron_chestplate":1,"minecraft:stick":84,"minecraft:iron_ingot":120,"minecraft:iron_pickaxe":2,"minecraft:stone_sword":1,"spartanweaponry:spear_iron":1,"create:copper_ingot":32,"minecraft:furnace":1,"dark_soul:silver_bar":8,"minecraft:spruce_fence":24,"minecraft:stone_pickaxe":3,"spartanshields:shield_tower_wood":1,"spartanweaponry:pole":1,"dark_soul:steel_ignot":11,"minecraft:bucket":1,"minecraft:stone_axe":1,"minecraft:air":0,"minecraft:wooden_axe":1,"minecraft:iron_shovel":1,"minecraft:torch":104},"minecraft:killed_by":{"dark_soul:silver_knight":3,"minecraft:zombie":1,"dark_soul:gwyn_boss":1,"dark_soul:wandering_demon":2,"dark_soul:fleshthe_undead":1,"minecraft:skeleton":3,"dark_soul:titanium_demon":1,"dark_soul:meat_golem":1},"minecraft:dropped":{"dark_soul:steel_ignot":11,"minecraft:oak_log":9,"minecraft:diamond":2,"minecraft:cooked_porkchop":2,"minecraft:dark_oak_sapling":17,"minecraft:lime_terracotta":8,"minecraft:saddle":1,"minecraft:red_carpet":1,"minecraft:dirt":2,"minecraft:dark_oak_fence":2,"dark_soul:consecrated_metal":15,"gravestone:obituary":11,"minecraft:iron_pickaxe":1,"dark_soul:dragonslayer_greataxe":3,"dark_soul:shardtitanite":2,"minecraft:bone":5,"projectvibrantjourneys:twigs":2,"minecraft:birch_sapling":1,"minecraft:rotten_flesh":43,"minecraft:oak_planks":4,"minecraft:leather_chestplate":1,"minecraft:stone_brick_wall":8,"minecraft:arrow":13,"dark_soul:soul_ice_golem":1,"minecraft:bread":1,"dark_soul:brass_set_leggings":2,"minecraft:wheat_seeds":5,"create:copper_ore":2,"minecraft:iron_helmet":4,"minecraft:cobblestone":4,"minecraft:spruce_stairs":4,"minecraft:stick":17,"minecraft:torch":26,"minecraft:brown_wool":1,"minecraft:oak_stairs":2,"minecraft:music_disc_ward":1,"dark_soul:corrupted_bone":6,"minecraft:string":1,"minecraft:redstone_block":1,"minecraft:spruce_sapling":1,"minecraft:soul_soil":1,"minecraft:player_head":3,"minecraft:bowl":1,"minecraft:iron_boots":1,"dark_soul:brass_set_chestplate":1,"minecraft:stone":2,"dark_soul:large_titanite_shard":1,"minecraft:spruce_planks":13,"minecraft:iron_chestplate":1,"minecraft:andesite":1,"dark_soul:essenceofghost":1,"minecraft:mossy_stone_bricks":1,"dark_soul:loincloth_leggings":1,"minecraft:spider_eye":2,"minecraft:spruce_log":100},"minecraft:custom":{"minecraft:interact_with_crafting_table":76,"minecraft:open_barrel":57,"minecraft:leave_game":11,"minecraft:time_since_death":88235,"minecraft:sprint_one_cm":849129,"minecraft:damage_blocked_by_shield":1935,"minecraft:drop":122,"minecraft:talked_to_villager":31,"minecraft:deaths":18,"minecraft:jump":5232,"minecraft:walk_on_water_one_cm":31468,"minecraft:interact_with_furnace":77,"minecraft:play_record":5,"minecraft:interact_with_cartography_table":1,"minecraft:play_one_minute":345936,"minecraft:sleep_in_bed":6,"minecraft:damage_dealt":90732,"minecraft:crouch_one_cm":21536,"minecraft:interact_with_smoker":3,"minecraft:interact_with_smithing_table":3,"minecraft:mob_kills":222,"minecraft:interact_with_anvil":9,"minecraft:damage_dealt_resisted":308,"minecraft:climb_one_cm":22576,"minecraft:walk_one_cm":1055942,"minecraft:sneak_time":7585,"minecraft:walk_under_water_one_cm":12229,"minecraft:interact_with_blast_furnace":30,"minecraft:tune_noteblock":1,"minecraft:interact_with_stonecutter":4,"minecraft:interact_with_grindstone":8,"minecraft:time_since_rest":88286,"minecraft:damage_taken":8293,"minecraft:swim_one_cm":23903,"minecraft:fly_one_cm":1139392,"minecraft:open_chest":278,"minecraft:fall_one_cm":144077},"minecraft:killed":{"minecraft:cave_spider":5,"minecraft:witch":3,"dark_soul:swamp_skeleton":1,"minecraft:spider":3,"dark_soul:mob_ghost":17,"minecraft:skeleton":51,"dark_soul:crystal_golem":2,"dark_soul:champion_gundyr":1,"dark_soul:gwyn_boss":1,"minecraft:pig":11,"minecraft:zombie_villager":1,"dark_soul:silver_knight":5,"minecraft:creeper":3,"minecraft:sheep":6,"minecraft:pillager":9,"minecraft:zombie":22,"dark_soul:rotten_zombie":4,"dark_soul:frozen_zombie":1,"minecraft:cow":8,"dark_soul:fleshthe_undead":3,"dark_soul:corrupted_skeleton":3,"dark_soul:ice_golem_boss":1,"dark_soul:titanium_demon":1,"dark_soul:black_knight":2,"dark_soul:brass_knight":2,"dark_soul:oldskelet":4,"dark_soul:meat_golem":3,"dark_soul:frozen_skeleton":6,"dark_soul:slave_golem":4,"dark_soul:hollow":20},"minecraft:picked_up":{"minecraft:iron_chestplate":1,"minecraft:redstone_block":1,"minecraft:smithing_table":1,"minecraft:oak_stairs":2,"minecraft:potion":1,"minecraft:soul_soil":1,"minecraft:string":37,"minecraft:gold_nugget":3,"dark_soul:demonic_titanite":2,"minecraft:spruce_planks":8,"minecraft:iron_pickaxe":1,"minecraft:iron_boots":1,"minecraft:stick":10,"minecraft:jukebox":1,"minecraft:torch":19,"minecraft:spruce_stairs":14,"minecraft:porkchop":23,"dark_soul:tongue":1,"minecraft:diorite":14,"minecraft:stone_sword":2,"minecraft:rotten_flesh":57,"dark_soul:brass_set_boots":1,"minecraft:music_disc_ward":2,"dark_soul:dragonslayer_greataxe":4,"minecraft:iron_bars":3,"minecraft:cobblestone":893,"dark_soul:loincloth_leggings":1,"dark_soul:silverore":8,"minecraft:leather_chestplate":1,"minecraft:cooked_beef":2,"dark_soul:large_titanite_shard":6,"minecraft:andesite":7,"minecraft:brown_wool":1,"minecraft:potato":1,"projectvibrantjourneys:rocks":1,"dark_soul:silver_knight_set_chestplate":1,"minecraft:lapis_lazuli":32,"minecraft:dirt":239,"minecraft:name_tag":2,"dark_soul:consecrated_metal":15,"minecraft:bone":66,"create:copper_ore":3,"minecraft:stonecutter":2,"minecraft:bow":1,"minecraft:wheat_seeds":6,"minecraft:grindstone":1,"minecraft:fletching_table":1,"minecraft:mossy_stone_bricks":1,"minecraft:glowstone_dust":67,"minecraft:oak_planks":54,"minecraft:cooked_porkchop":7,"minecraft:lime_terracotta":12,"dark_soul:shardtitanite":4,"minecraft:diamond":10,"minecraft:granite":20,"minecraft:spruce_sign":3,"minecraft:oak_sapling":7,"minecraft:netherrack":16,"minecraft:dark_oak_fence":2,"minecraft:crafting_table":1,"minecraft:redstone_lamp":2,"minecraft:wooden_pickaxe":1,"minecraft:stone_brick_wall":8,"gravestone:obituary":1,"minecraft:wooden_sword":1,"dark_soul:essenceofghost":5,"dark_soul:soul_ice_golem":2,"minecraft:beef":13,"minecraft:player_head":4,"minecraft:poppy":2,"minecraft:sugar_cane":25,"minecraft:birch_sapling":1,"dark_soul:milwood_knight_set_helmet":1,"minecraft:egg":2,"minecraft:dark_oak_sapling":17,"minecraft:stone":2,"minecraft:bowl":1,"minecraft:music_disc_mellohi":2,"minecraft:spruce_fence":6,"minecraft:redstone":33,"minecraft:arrow":64,"minecraft:mutton":8,"minecraft:white_wool":5,"minecraft:rail":2,"minecraft:bone_block":8,"minecraft:leather":7,"minecraft:oak_log":21,"minecraft:gunpowder":6,"minecraft:blue_bed":2,"dark_soul:old_stone":1,"minecraft:red_carpet":1,"minecraft:apple":1,"minecraft:iron_ingot":27,"minecraft:stone_pickaxe":2,"minecraft:cooked_chicken":1,"minecraft:iron_ore":68,"minecraft:glass_bottle":1,"dark_soul:steel_ore_hardened_stone":6,"minecraft:book":60,"dark_soul:corrupted_bone":6,"minecraft:sweet_berries":16,"dark_soul:brass_set_leggings":1,"dark_soul:soul_champion_gundyr":1,"minecraft:spruce_sapling":3,"minecraft:spruce_log":183,"minecraft:gold_ore":4,"minecraft:spider_eye":3,"minecraft:purple_bed":3,"minecraft:stone_axe":3,"minecraft:iron_helmet":3,"dark_soul:utigatana":1,"dark_soul:frozen_bone":8,"projectvibrantjourneys:twigs":3,"minecraft:dark_oak_wood":5,"minecraft:coal":40,"projectvibrantjourneys:pinecones":1},"minecraft:used":{"minecraft:iron_shovel":53,"minecraft:chest":9,"minecraft:iron_sword":79,"minecraft:player_head":1,"minecraft:lava_bucket":1,"minecraft:music_disc_ward":2,"minecraft:stone_bricks":81,"dark_soul:astor_straight_sword":153,"minecraft:bow":13,"minecraft:furnace":1,"minecraft:egg":2,"projectvibrantjourneys:rocks":1,"minecraft:stone_pickaxe":177,"minecraft:oak_planks":4,"minecraft:wooden_pickaxe":23,"minecraft:blue_bed":2,"spartanshields:shield_tower_iron":33,"minecraft:bread":6,"minecraft:wooden_sword":1,"minecraft:smithing_table":1,"minecraft:andesite":3,"dark_soul:dragonslayer_greataxe":201,"minecraft:stone_sword":36,"minecraft:spruce_planks":23,"minecraft:cooked_chicken":1,"minecraft:torch":77,"minecraft:dirt":26,"minecraft:spruce_fence":26,"minecraft:granite":4,"minecraft:music_disc_mellohi":3,"minecraft:wooden_axe":60,"create:copper_ore":1,"minecraft:cooked_mutton":8,"minecraft:water_bucket":15,"spartanweaponry:boomerang_iron":2,"minecraft:stonecutter":2,"minecraft:crafting_table":2,"minecraft:apple":1,"minecraft:iron_pickaxe":255,"minecraft:stone_axe":130,"minecraft:cobblestone":76,"dark_soul:utigatana":228,"minecraft:cooked_porkchop":15,"minecraft:bucket":17,"spartanweaponry:spear_iron":101,"minecraft:jukebox":1},"minecraft:mined":{"minecraft:spruce_planks":4,"minecraft:granite":17,"minecraft:grass_block":58,"minecraft:soul_soil":1,"minecraft:spawner":8,"minecraft:glowstone":26,"minecraft:iron_ore":33,"minecraft:fire":1,"create:copper_ore":1,"minecraft:fletching_table":1,"minecraft:iron_bars":2,"minecraft:oak_stairs":1,"minecraft:player_head":1,"minecraft:soul_fire":1,"minecraft:torch":1,"minecraft:dark_oak_wood":5,"minecraft:chest":3,"minecraft:cobblestone":2,"minecraft:grindstone":1,"minecraft:sugar_cane":8,"minecraft:oak_planks":9,"minecraft:wall_torch":3,"dark_soul:silverore":8,"minecraft:jukebox":1,"minecraft:grass":6,"minecraft:oak_log":21,"projectvibrantjourneys:pinecones":1,"minecraft:dirt":73,"dark_soul:steel_ore_hardened_stone":6,"minecraft:stonecutter":2,"minecraft:netherrack":17,"minecraft:oak_leaves":94,"minecraft:redstone_lamp":2,"minecraft:diamond_ore":9,"minecraft:red_carpet":1,"minecraft:dark_oak_leaves":14,"gravestone:gravestone":14,"minecraft:spruce_fence":5,"minecraft:spruce_leaves":40,"minecraft:large_fern":2,"minecraft:redstone_ore":7,"minecraft:andesite":8,"minecraft:bookshelf":18,"minecraft:rail":2,"minecraft:stone":865,"minecraft:bone_block":7,"minecraft:podzol":4,"minecraft:smithing_table":1,"minecraft:redstone_block":1,"minecraft:emerald_ore":1,"minecraft:tall_grass":1,"minecraft:lapis_ore":5,"minecraft:diorite":7,"minecraft:blue_bed":2,"dark_soul:hardened_stone":1,"minecraft:purple_bed":2,"minecraft:sweet_berry_bush":7,"dark_soul:old_stone":1,"minecraft:spruce_log":155,"minecraft:birch_leaves":8,"minecraft:coal_ore":19,"minecraft:cobweb":2,"minecraft:gold_ore":3}},"DataVersion":2586}