{"stats":{"minecraft:dropped":{"dark_soul:brass_set_leggings":1,"minecraft:wheat_seeds":3,"minecraft:oak_log":9,"minecraft:diamond":2,"minecraft:dark_oak_sapling":17,"minecraft:cooked_porkchop":2,"minecraft:iron_helmet":4,"minecraft:red_carpet":1,"minecraft:stick":11,"minecraft:brown_wool":1,"minecraft:iron_pickaxe":1,"minecraft:birch_sapling":1,"minecraft:leather_chestplate":1,"dark_soul:large_titanite_shard":1,"minecraft:spruce_planks":13,"dark_soul:essenceofghost":1,"minecraft:spider_eye":2,"minecraft:spruce_log":100},"minecraft:crafted":{"spartanweaponry:spear_iron":1,"minecraft:oak_planks":76,"create:copper_ingot":32,"minecraft:furnace":1,"minecraft:spruce_fence":24,"minecraft:cooked_mutton":8,"minecraft:iron_boots":1,"minecraft:stone_pickaxe":3,"minecraft:chest":8,"spartanshields:shield_tower_wood":1,"spartanshields:shield_tower_iron":1,"minecraft:cooked_porkchop":20,"spartanweaponry:pole":1,"minecraft:crafting_table":2,"minecraft:spruce_planks":184,"minecraft:wooden_pickaxe":2,"minecraft:iron_helmet":1,"minecraft:stone_axe":1,"minecraft:air":0,"minecraft:iron_chestplate":1,"minecraft:stick":76,"minecraft:iron_ingot":63,"minecraft:iron_pickaxe":2,"minecraft:stone_sword":1,"minecraft:iron_shovel":1,"minecraft:torch":104},"minecraft:picked_up":{"minecraft:crafting_table":1,"minecraft:wooden_pickaxe":1,"minecraft:string":15,"minecraft:wooden_sword":1,"dark_soul:essenceofghost":1,"minecraft:spruce_planks":1,"minecraft:beef":13,"minecraft:poppy":2,"minecraft:iron_pickaxe":1,"minecraft:sugar_cane":25,"minecraft:birch_sapling":1,"minecraft:egg":2,"minecraft:dark_oak_sapling":17,"minecraft:stick":6,"minecraft:torch":16,"minecraft:spruce_stairs":10,"minecraft:spruce_fence":6,"minecraft:porkchop":21,"minecraft:diorite":14,"minecraft:stone_sword":2,"minecraft:arrow":26,"minecraft:rotten_flesh":11,"minecraft:mutton":8,"minecraft:iron_bars":2,"minecraft:rail":2,"minecraft:white_wool":5,"minecraft:cobblestone":763,"minecraft:leather_chestplate":1,"minecraft:cooked_beef":2,"dark_soul:large_titanite_shard":1,"minecraft:andesite":6,"minecraft:brown_wool":1,"minecraft:leather":7,"minecraft:oak_log":21,"minecraft:gunpowder":4,"projectvibrantjourneys:rocks":1,"minecraft:dirt":233,"minecraft:blue_bed":2,"minecraft:red_carpet":1,"minecraft:bone":20,"minecraft:apple":1,"minecraft:bow":1,"minecraft:wheat_seeds":5,"minecraft:cooked_chicken":1,"minecraft:stone_pickaxe":2,"minecraft:grindstone":1,"minecraft:iron_ingot":16,"minecraft:iron_ore":64,"minecraft:fletching_table":1,"minecraft:glowstone_dust":67,"minecraft:oak_planks":49,"minecraft:cooked_porkchop":7,"minecraft:sweet_berries":16,"dark_soul:brass_set_leggings":1,"minecraft:spruce_sapling":2,"minecraft:spruce_log":140,"minecraft:gold_ore":3,"minecraft:spider_eye":3,"minecraft:purple_bed":3,"minecraft:diamond":8,"minecraft:stone_axe":3,"minecraft:iron_helmet":3,"dark_soul:utigatana":1,"minecraft:granite":16,"minecraft:spruce_sign":2,"minecraft:oak_sapling":7,"projectvibrantjourneys:twigs":2,"minecraft:dark_oak_wood":5,"minecraft:coal":40},"minecraft:killed":{"minecraft:witch":2,"dark_soul:swamp_skeleton":1,"minecraft:spider":2,"dark_soul:mob_ghost":6,"minecraft:skeleton":21,"dark_soul:slave_golem":1,"minecraft:pig":11,"dark_soul:silver_knight":1,"minecraft:creeper":3,"minecraft:sheep":6,"minecraft:pillager":8,"minecraft:zombie":8,"dark_soul:rotten_zombie":4,"dark_soul:hollow":1,"minecraft:cow":8},"minecraft:broken":{"minecraft:stone_pickaxe":2,"minecraft:stone_axe":1},"minecraft:mined":{"minecraft:diamond_ore":7,"minecraft:red_carpet":1,"minecraft:spruce_planks":1,"minecraft:dark_oak_leaves":14,"minecraft:granite":12,"minecraft:grass_block":52,"minecraft:spruce_fence":5,"minecraft:spruce_leaves":37,"minecraft:spawner":1,"minecraft:large_fern":1,"minecraft:glowstone":26,"minecraft:iron_ore":29,"minecraft:andesite":7,"minecraft:fletching_table":1,"minecraft:rail":2,"minecraft:iron_bars":2,"minecraft:stone":726,"minecraft:podzol":4,"minecraft:torch":1,"minecraft:dark_oak_wood":5,"minecraft:tall_grass":1,"minecraft:cobblestone":2,"minecraft:sugar_cane":8,"minecraft:grindstone":1,"minecraft:oak_planks":9,"minecraft:diorite":7,"minecraft:blue_bed":2,"minecraft:purple_bed":2,"minecraft:sweet_berry_bush":7,"minecraft:spruce_log":112,"minecraft:birch_leaves":8,"minecraft:grass":4,"minecraft:oak_log":21,"minecraft:coal_ore":19,"minecraft:dirt":65,"minecraft:cobweb":2,"minecraft:gold_ore":3,"minecraft:oak_leaves":94},"minecraft:custom":{"minecraft:mob_kills":86,"minecraft:interact_with_crafting_table":49,"minecraft:open_barrel":3,"minecraft:leave_game":3,"minecraft:time_since_death":2047,"minecraft:climb_one_cm":19485,"minecraft:sprint_one_cm":433519,"minecraft:walk_one_cm":531790,"minecraft:drop":27,"minecraft:talked_to_villager":21,"minecraft:deaths":6,"minecraft:sneak_time":5535,"minecraft:walk_under_water_one_cm":1693,"minecraft:jump":2600,"minecraft:interact_with_blast_furnace":21,"minecraft:walk_on_water_one_cm":21998,"minecraft:interact_with_furnace":44,"minecraft:play_one_minute":166182,"minecraft:interact_with_grindstone":3,"minecraft:sleep_in_bed":4,"minecraft:time_since_rest":2184,"minecraft:damage_taken":2416,"minecraft:damage_dealt":14976,"minecraft:swim_one_cm":13922,"minecraft:fly_one_cm":520957,"minecraft:open_chest":115,"minecraft:crouch_one_cm":12794,"minecraft:interact_with_smoker":2,"minecraft:fall_one_cm":60144},"minecraft:killed_by":{"minecraft:skeleton":3,"minecraft:zombie":1},"minecraft:used":{"minecraft:stone_sword":36,"minecraft:iron_shovel":53,"minecraft:chest":8,"minecraft:spruce_planks":20,"minecraft:iron_sword":29,"minecraft:cooked_chicken":1,"minecraft:torch":14,"minecraft:dirt":22,"minecraft:spruce_fence":26,"dark_soul:astor_straight_sword":153,"minecraft:bow":13,"minecraft:furnace":1,"minecraft:egg":1,"minecraft:cooked_mutton":4,"projectvibrantjourneys:rocks":1,"minecraft:stone_pickaxe":177,"minecraft:oak_planks":4,"minecraft:wooden_pickaxe":20,"minecraft:blue_bed":2,"minecraft:crafting_table":1,"minecraft:apple":1,"minecraft:bread":1,"minecraft:iron_pickaxe":28,"minecraft:stone_axe":130,"minecraft:wooden_sword":1,"minecraft:cobblestone":68,"dark_soul:utigatana":4,"minecraft:cooked_porkchop":11,"minecraft:andesite":3,"spartanweaponry:spear_iron":63}},"DataVersion":2586}