{"stats":{"minecraft:broken":{"dark_soul:utigatana":1,"minecraft:iron_boots":1,"minecraft:stone_pickaxe":2,"minecraft:stone_axe":1},"minecraft:crafted":{"spartanweaponry:spear_iron":1,"minecraft:oak_planks":76,"create:copper_ingot":32,"minecraft:furnace":1,"minecraft:spruce_fence":24,"minecraft:cooked_mutton":8,"minecraft:iron_boots":1,"minecraft:stone_pickaxe":3,"minecraft:chest":8,"spartanshields:shield_tower_wood":1,"spartanshields:shield_tower_iron":1,"minecraft:cooked_porkchop":20,"spartanweaponry:pole":1,"minecraft:crafting_table":2,"minecraft:spruce_planks":184,"minecraft:wooden_pickaxe":2,"minecraft:iron_helmet":1,"minecraft:bucket":1,"dark_soul:steel_ignot":11,"minecraft:stone_axe":1,"minecraft:air":0,"minecraft:iron_chestplate":1,"minecraft:stick":80,"minecraft:iron_ingot":120,"minecraft:iron_pickaxe":2,"minecraft:wooden_axe":1,"minecraft:stone_sword":1,"minecraft:iron_shovel":1,"minecraft:torch":104},"minecraft:killed_by":{"dark_soul:wandering_demon":2,"dark_soul:silver_knight":3,"dark_soul:fleshthe_undead":1,"minecraft:skeleton":3,"dark_soul:titanium_demon":1,"minecraft:zombie":1,"dark_soul:gwyn_boss":1,"dark_soul:meat_golem":1},"minecraft:dropped":{"dark_soul:steel_ignot":11,"minecraft:bread":1,"dark_soul:brass_set_leggings":2,"minecraft:wheat_seeds":5,"minecraft:oak_log":9,"create:copper_ore":2,"minecraft:diamond":2,"minecraft:dark_oak_sapling":17,"minecraft:cooked_porkchop":2,"minecraft:lime_terracotta":8,"minecraft:iron_helmet":4,"minecraft:cobblestone":4,"minecraft:saddle":1,"minecraft:spruce_stairs":4,"minecraft:red_carpet":1,"minecraft:stick":17,"minecraft:dirt":2,"dark_soul:consecrated_metal":15,"minecraft:torch":26,"minecraft:dark_oak_fence":2,"minecraft:brown_wool":1,"minecraft:oak_stairs":2,"gravestone:obituary":11,"minecraft:iron_pickaxe":1,"dark_soul:dragonslayer_greataxe":3,"dark_soul:shardtitanite":2,"dark_soul:corrupted_bone":6,"minecraft:string":1,"minecraft:redstone_block":1,"minecraft:bone":5,"minecraft:soul_soil":1,"minecraft:player_head":3,"minecraft:bowl":1,"projectvibrantjourneys:twigs":2,"minecraft:birch_sapling":1,"minecraft:rotten_flesh":35,"minecraft:oak_planks":4,"minecraft:iron_boots":1,"dark_soul:brass_set_chestplate":1,"minecraft:leather_chestplate":1,"minecraft:stone":2,"dark_soul:large_titanite_shard":1,"minecraft:spruce_planks":13,"minecraft:iron_chestplate":1,"minecraft:andesite":1,"minecraft:mossy_stone_bricks":1,"dark_soul:essenceofghost":1,"minecraft:stone_brick_wall":8,"dark_soul:loincloth_leggings":1,"minecraft:spider_eye":2,"minecraft:spruce_log":100,"minecraft:arrow":13,"dark_soul:soul_ice_golem":1},"minecraft:custom":{"minecraft:interact_with_smithing_table":2,"minecraft:interact_with_anvil":5,"minecraft:mob_kills":220,"minecraft:interact_with_crafting_table":65,"minecraft:open_barrel":56,"minecraft:damage_dealt_resisted":308,"minecraft:leave_game":11,"minecraft:time_since_death":52235,"minecraft:climb_one_cm":22576,"minecraft:sprint_one_cm":735941,"minecraft:walk_one_cm":979423,"minecraft:damage_blocked_by_shield":1935,"minecraft:drop":118,"minecraft:talked_to_villager":31,"minecraft:deaths":18,"minecraft:sneak_time":6654,"minecraft:walk_under_water_one_cm":4251,"minecraft:jump":4730,"minecraft:interact_with_blast_furnace":25,"minecraft:walk_on_water_one_cm":26706,"minecraft:interact_with_furnace":59,"minecraft:tune_noteblock":1,"minecraft:interact_with_cartography_table":1,"minecraft:play_one_minute":309936,"minecraft:interact_with_grindstone":5,"minecraft:sleep_in_bed":6,"minecraft:time_since_rest":52286,"minecraft:damage_taken":8039,"minecraft:damage_dealt":89027,"minecraft:swim_one_cm":23182,"minecraft:fly_one_cm":1014348,"minecraft:open_chest":220,"minecraft:crouch_one_cm":16820,"minecraft:interact_with_smoker":2,"minecraft:fall_one_cm":131119},"minecraft:picked_up":{"minecraft:iron_chestplate":1,"minecraft:crafting_table":1,"minecraft:redstone_block":1,"minecraft:redstone_lamp":2,"minecraft:smithing_table":1,"minecraft:wooden_pickaxe":1,"minecraft:oak_stairs":2,"minecraft:stone_brick_wall":8,"minecraft:potion":1,"gravestone:obituary":1,"minecraft:string":35,"minecraft:soul_soil":1,"minecraft:wooden_sword":1,"dark_soul:essenceofghost":5,"dark_soul:soul_ice_golem":2,"minecraft:gold_nugget":3,"dark_soul:demonic_titanite":2,"minecraft:spruce_planks":5,"minecraft:beef":13,"minecraft:player_head":4,"minecraft:poppy":2,"minecraft:iron_pickaxe":1,"minecraft:sugar_cane":25,"dark_soul:milwood_knight_set_helmet":1,"minecraft:birch_sapling":1,"minecraft:iron_boots":1,"minecraft:egg":2,"minecraft:dark_oak_sapling":17,"minecraft:stick":10,"minecraft:stone":2,"minecraft:jukebox":1,"minecraft:torch":19,"minecraft:bowl":1,"minecraft:spruce_stairs":14,"minecraft:spruce_fence":6,"minecraft:porkchop":23,"dark_soul:tongue":1,"minecraft:diorite":14,"minecraft:redstone":33,"minecraft:stone_sword":2,"minecraft:arrow":64,"minecraft:rotten_flesh":51,"dark_soul:brass_set_boots":1,"dark_soul:dragonslayer_greataxe":4,"minecraft:mutton":8,"minecraft:bone_block":8,"minecraft:iron_bars":3,"minecraft:rail":2,"minecraft:white_wool":5,"minecraft:cobblestone":893,"dark_soul:loincloth_leggings":1,"dark_soul:silverore":8,"minecraft:leather_chestplate":1,"minecraft:cooked_beef":2,"dark_soul:large_titanite_shard":6,"minecraft:andesite":7,"minecraft:leather":7,"minecraft:brown_wool":1,"minecraft:potato":1,"minecraft:oak_log":21,"minecraft:gunpowder":6,"dark_soul:silver_knight_set_chestplate":1,"projectvibrantjourneys:rocks":1,"minecraft:blue_bed":2,"minecraft:dirt":239,"minecraft:name_tag":2,"dark_soul:consecrated_metal":15,"dark_soul:old_stone":1,"minecraft:red_carpet":1,"minecraft:bone":66,"create:copper_ore":3,"minecraft:apple":1,"minecraft:bow":1,"minecraft:wheat_seeds":6,"minecraft:grindstone":1,"minecraft:iron_ingot":27,"minecraft:stone_pickaxe":2,"minecraft:cooked_chicken":1,"minecraft:iron_ore":68,"minecraft:mossy_stone_bricks":1,"minecraft:fletching_table":1,"minecraft:glass_bottle":1,"minecraft:glowstone_dust":67,"minecraft:oak_planks":54,"dark_soul:steel_ore_hardened_stone":6,"minecraft:book":60,"dark_soul:corrupted_bone":6,"minecraft:cooked_porkchop":7,"minecraft:sweet_berries":16,"dark_soul:brass_set_leggings":1,"minecraft:lime_terracotta":12,"dark_soul:soul_champion_gundyr":1,"minecraft:spruce_sapling":2,"minecraft:spruce_log":140,"minecraft:gold_ore":4,"minecraft:spider_eye":3,"dark_soul:shardtitanite":4,"minecraft:purple_bed":3,"minecraft:diamond":8,"minecraft:stone_axe":3,"minecraft:iron_helmet":3,"minecraft:granite":20,"dark_soul:utigatana":1,"minecraft:spruce_sign":3,"dark_soul:frozen_bone":8,"minecraft:oak_sapling":7,"projectvibrantjourneys:twigs":3,"minecraft:netherrack":16,"minecraft:dark_oak_wood":5,"minecraft:dark_oak_fence":2,"minecraft:coal":40,"projectvibrantjourneys:pinecones":1},"minecraft:killed":{"dark_soul:fleshthe_undead":3,"dark_soul:corrupted_skeleton":3,"minecraft:cave_spider":5,"minecraft:witch":3,"dark_soul:swamp_skeleton":1,"minecraft:spider":3,"dark_soul:ice_golem_boss":1,"dark_soul:titanium_demon":1,"dark_soul:mob_ghost":17,"minecraft:skeleton":51,"dark_soul:crystal_golem":2,"dark_soul:black_knight":2,"dark_soul:champion_gundyr":1,"dark_soul:brass_knight":2,"dark_soul:oldskelet":4,"dark_soul:gwyn_boss":1,"dark_soul:meat_golem":3,"dark_soul:frozen_skeleton":6,"dark_soul:slave_golem":4,"minecraft:pig":11,"minecraft:zombie_villager":1,"dark_soul:silver_knight":5,"minecraft:creeper":3,"minecraft:sheep":6,"minecraft:pillager":9,"minecraft:zombie":22,"dark_soul:rotten_zombie":4,"dark_soul:frozen_zombie":1,"dark_soul:hollow":18,"minecraft:cow":8},"minecraft:used":{"dark_soul:dragonslayer_greataxe":193,"minecraft:stone_sword":36,"minecraft:iron_shovel":53,"minecraft:chest":8,"minecraft:spruce_planks":20,"minecraft:iron_sword":79,"minecraft:cooked_chicken":1,"minecraft:torch":77,"minecraft:dirt":26,"minecraft:granite":4,"minecraft:spruce_fence":26,"minecraft:wooden_axe":16,"minecraft:lava_bucket":1,"dark_soul:astor_straight_sword":153,"minecraft:bow":13,"minecraft:furnace":1,"minecraft:egg":2,"create:copper_ore":1,"minecraft:cooked_mutton":8,"projectvibrantjourneys:rocks":1,"minecraft:water_bucket":8,"minecraft:stone_pickaxe":177,"minecraft:oak_planks":4,"spartanweaponry:boomerang_iron":2,"minecraft:wooden_pickaxe":20,"minecraft:blue_bed":2,"minecraft:crafting_table":1,"spartanshields:shield_tower_iron":33,"minecraft:apple":1,"minecraft:bread":5,"minecraft:iron_pickaxe":248,"minecraft:stone_axe":130,"minecraft:cobblestone":68,"minecraft:wooden_sword":1,"dark_soul:utigatana":228,"minecraft:smithing_table":1,"minecraft:cooked_porkchop":13,"minecraft:andesite":3,"minecraft:bucket":10,"spartanweaponry:spear_iron":101},"minecraft:mined":{"minecraft:diamond_ore":7,"minecraft:red_carpet":1,"minecraft:spruce_planks":1,"minecraft:dark_oak_leaves":14,"gravestone:gravestone":14,"minecraft:granite":17,"minecraft:spruce_fence":5,"minecraft:grass_block":58,"minecraft:soul_soil":1,"minecraft:spruce_leaves":39,"minecraft:spawner":8,"minecraft:large_fern":2,"minecraft:redstone_ore":7,"minecraft:glowstone":26,"minecraft:iron_ore":33,"minecraft:fire":1,"minecraft:andesite":8,"create:copper_ore":1,"minecraft:fletching_table":1,"minecraft:bookshelf":18,"minecraft:oak_stairs":1,"minecraft:rail":2,"minecraft:iron_bars":2,"minecraft:stone":865,"minecraft:bone_block":7,"minecraft:player_head":1,"minecraft:smithing_table":1,"minecraft:podzol":4,"minecraft:redstone_block":1,"minecraft:soul_fire":1,"minecraft:torch":1,"minecraft:dark_oak_wood":5,"minecraft:emerald_ore":1,"minecraft:chest":3,"minecraft:tall_grass":1,"minecraft:cobblestone":2,"minecraft:oak_planks":9,"minecraft:sugar_cane":8,"minecraft:grindstone":1,"minecraft:diorite":7,"minecraft:wall_torch":3,"minecraft:blue_bed":2,"dark_soul:hardened_stone":1,"minecraft:purple_bed":2,"dark_soul:silverore":8,"minecraft:sweet_berry_bush":7,"minecraft:jukebox":1,"dark_soul:old_stone":1,"minecraft:spruce_log":112,"minecraft:birch_leaves":8,"minecraft:grass":5,"minecraft:coal_ore":19,"minecraft:oak_log":21,"projectvibrantjourneys:pinecones":1,"minecraft:dirt":73,"minecraft:cobweb":2,"dark_soul:steel_ore_hardened_stone":6,"minecraft:netherrack":17,"minecraft:gold_ore":3,"minecraft:oak_leaves":94,"minecraft:redstone_lamp":2}},"DataVersion":2586}