{"stats":{"minecraft:killed":{"minecraft:creeper":1,"minecraft:skeleton":2,"minecraft:zombie":3,"minecraft:cow":4},"minecraft:used":{"projectvibrantjourneys:rocks":1,"minecraft:stone_sword":36,"minecraft:iron_shovel":34,"minecraft:stone_pickaxe":177,"minecraft:oak_planks":4,"minecraft:chest":6,"minecraft:wooden_pickaxe":20,"minecraft:blue_bed":2,"minecraft:torch":1,"minecraft:dirt":22,"minecraft:crafting_table":1,"minecraft:iron_pickaxe":16,"minecraft:stone_axe":130,"minecraft:wooden_sword":1,"minecraft:cobblestone":68,"minecraft:furnace":1,"minecraft:cooked_porkchop":5,"minecraft:andesite":3,"spartanweaponry:spear_iron":3},"minecraft:picked_up":{"minecraft:crafting_table":1,"minecraft:cooked_beef":2,"minecraft:andesite":6,"minecraft:leather":4,"minecraft:wooden_pickaxe":1,"minecraft:oak_log":20,"minecraft:gunpowder":3,"projectvibrantjourneys:rocks":1,"minecraft:blue_bed":2,"minecraft:dirt":207,"minecraft:string":12,"minecraft:wooden_sword":1,"minecraft:bone":5,"minecraft:wheat_seeds":1,"minecraft:iron_ingot":11,"minecraft:grindstone":1,"minecraft:beef":5,"minecraft:stone_pickaxe":2,"minecraft:cooked_chicken":1,"minecraft:iron_ore":64,"minecraft:poppy":2,"minecraft:fletching_table":1,"minecraft:iron_pickaxe":1,"minecraft:oak_planks":49,"minecraft:stick":5,"minecraft:cooked_porkchop":7,"minecraft:sweet_berries":16,"minecraft:torch":15,"minecraft:spruce_fence":1,"minecraft:spruce_sapling":2,"minecraft:diorite":14,"minecraft:spruce_log":140,"minecraft:gold_ore":3,"minecraft:spider_eye":1,"minecraft:stone_sword":2,"minecraft:arrow":5,"minecraft:purple_bed":3,"minecraft:rotten_flesh":2,"minecraft:diamond":8,"minecraft:stone_axe":3,"minecraft:iron_helmet":3,"minecraft:granite":16,"minecraft:oak_sapling":4,"projectvibrantjourneys:twigs":1,"minecraft:coal":40,"minecraft:rail":2,"minecraft:cobblestone":763},"minecraft:broken":{"minecraft:stone_pickaxe":2,"minecraft:stone_axe":1},"minecraft:mined":{"minecraft:podzol":4,"minecraft:diamond_ore":7,"minecraft:granite":12,"minecraft:grass_block":25,"minecraft:spruce_fence":1,"minecraft:cobblestone":2,"minecraft:spruce_leaves":37,"minecraft:grindstone":1,"minecraft:oak_planks":9,"minecraft:diorite":7,"minecraft:blue_bed":2,"minecraft:large_fern":1,"minecraft:purple_bed":2,"minecraft:iron_ore":29,"minecraft:sweet_berry_bush":7,"minecraft:spruce_log":112,"minecraft:andesite":7,"minecraft:fletching_table":1,"minecraft:grass":1,"minecraft:oak_log":20,"minecraft:coal_ore":19,"minecraft:rail":2,"minecraft:dirt":64,"minecraft:cobweb":2,"minecraft:stone":726,"minecraft:gold_ore":3,"minecraft:oak_leaves":94},"minecraft:custom":{"minecraft:interact_with_furnace":22,"minecraft:mob_kills":9,"minecraft:interact_with_crafting_table":42,"minecraft:open_barrel":3,"minecraft:play_one_minute":88694,"minecraft:interact_with_grindstone":2,"minecraft:leave_game":2,"minecraft:time_since_death":60547,"minecraft:sleep_in_bed":4,"minecraft:climb_one_cm":0,"minecraft:time_since_rest":5900,"minecraft:sprint_one_cm":183071,"minecraft:damage_taken":614,"minecraft:walk_one_cm":240950,"minecraft:drop":16,"minecraft:damage_dealt":1307,"minecraft:talked_to_villager":21,"minecraft:fly_one_cm":180753,"minecraft:open_chest":82,"minecraft:crouch_one_cm":7915,"minecraft:deaths":4,"minecraft:sneak_time":2611,"minecraft:walk_under_water_one_cm":1094,"minecraft:jump":1070,"minecraft:interact_with_blast_furnace":11,"minecraft:walk_on_water_one_cm":16329,"minecraft:interact_with_smoker":2,"minecraft:fall_one_cm":19824},"minecraft:killed_by":{"minecraft:skeleton":3,"minecraft:zombie":1},"minecraft:crafted":{"spartanweaponry:spear_iron":1,"minecraft:oak_planks":44,"minecraft:cooked_porkchop":8,"spartanweaponry:pole":1,"minecraft:crafting_table":2,"minecraft:spruce_planks":84,"create:copper_ingot":32,"minecraft:wooden_pickaxe":2,"minecraft:iron_helmet":1,"minecraft:furnace":1,"minecraft:stone_axe":1,"minecraft:air":0,"minecraft:iron_boots":1,"minecraft:iron_chestplate":1,"minecraft:stick":36,"minecraft:iron_ingot":31,"minecraft:iron_pickaxe":2,"minecraft:stone_pickaxe":3,"minecraft:stone_sword":1,"minecraft:chest":6,"minecraft:iron_shovel":1,"minecraft:torch":4,"spartanshields:shield_tower_wood":1,"spartanshields:shield_tower_iron":1},"minecraft:dropped":{"minecraft:oak_log":9,"minecraft:diamond":2,"minecraft:cooked_porkchop":2,"minecraft:iron_helmet":4,"minecraft:stick":11,"minecraft:spruce_planks":13,"minecraft:spruce_log":100,"minecraft:iron_pickaxe":1}},"DataVersion":2586}