{"stats":{"minecraft:used":{"minecraft:dirt":1},"minecraft:picked_up":{"minecraft:birch_log":5,"minecraft:stick":1,"minecraft:oak_sapling":1,"minecraft:birch_sapling":1,"minecraft:dirt":14},"minecraft:mined":{"minecraft:grass":2,"minecraft:grass_block":6,"minecraft:dirt":7},"minecraft:custom":{"minecraft:jump":41,"minecraft:time_since_rest":5886,"minecraft:crouch_one_cm":181,"minecraft:play_one_minute":5886,"minecraft:leave_game":3,"minecraft:sprint_one_cm":1623,"minecraft:time_since_death":5886,"minecraft:walk_one_cm":12870,"minecraft:sneak_time":53,"minecraft:fall_one_cm":478,"minecraft:fly_one_cm":1858}},"DataVersion":2586}