{"stats":{"minecraft:dropped":{"minecraft:dirt":4},"minecraft:crafted":{"minecraft:wooden_sword":1,"minecraft:stick":12,"minecraft:wooden_pickaxe":1,"minecraft:stone_pickaxe":1,"minecraft:wooden_axe":1,"minecraft:stone_sword":1,"minecraft:dark_oak_planks":68,"minecraft:stone_axe":1,"minecraft:air":0,"minecraft:cooked_mutton":7},"minecraft:killed_by":{"dark_soul:hollow":2,"minecraft:creeper":1},"minecraft:killed":{"minecraft:sheep":6,"minecraft:pig":5,"dark_soul:hollow":1},"minecraft:custom":{"minecraft:time_since_rest":11407,"minecraft:interact_with_furnace":7,"minecraft:sprint_one_cm":73529,"minecraft:damage_taken":295,"minecraft:walk_one_cm":87914,"minecraft:mob_kills":12,"minecraft:drop":4,"minecraft:damage_dealt":1365,"minecraft:swim_one_cm":8414,"minecraft:interact_with_crafting_table":5,"minecraft:fly_one_cm":177202,"minecraft:play_one_minute":28248,"minecraft:crouch_one_cm":133,"minecraft:deaths":3,"minecraft:sneak_time":112,"minecraft:walk_under_water_one_cm":1324,"minecraft:jump":708,"minecraft:leave_game":7,"minecraft:time_since_death":11353,"minecraft:walk_on_water_one_cm":2713,"minecraft:fall_one_cm":18533},"minecraft:used":{"minecraft:cooked_mutton":4,"minecraft:stone_sword":30,"minecraft:stone_pickaxe":9,"minecraft:wooden_pickaxe":2,"minecraft:egg":1,"minecraft:dark_oak_sapling":6},"minecraft:mined":{"minecraft:dark_oak_leaves":87,"minecraft:dark_oak_log":25,"minecraft:andesite":4,"minecraft:grass":7,"minecraft:grass_block":6,"minecraft:coal_ore":26,"minecraft:dirt":8,"minecraft:tall_grass":7,"minecraft:stone":435},"minecraft:picked_up":{"minecraft:wooden_axe":2,"dark_soul:loincloth_leggings":2,"minecraft:dark_oak_sapling":6,"minecraft:stick":7,"minecraft:azure_bluet":1,"minecraft:andesite":12,"minecraft:wooden_pickaxe":4,"minecraft:potato":2,"minecraft:porkchop":8,"minecraft:dark_oak_log":17,"minecraft:dirt":56,"minecraft:dark_oak_planks":106,"minecraft:wooden_sword":2,"minecraft:cooked_mutton":4,"minecraft:stone_sword":2,"minecraft:stone_axe":2,"minecraft:wheat_seeds":1,"minecraft:stone_pickaxe":2,"minecraft:light_gray_wool":1,"minecraft:mutton":10,"minecraft:coal":27,"minecraft:egg":1,"minecraft:white_wool":10,"minecraft:cobblestone":303}},"DataVersion":2586}