{"stats":{"minecraft:used":{"minecraft:oak_sapling":2},"minecraft:picked_up":{"minecraft:birch_log":2,"minecraft:stick":4,"minecraft:oak_sapling":2},"minecraft:mined":{"minecraft:birch_log":7,"minecraft:grass":1,"minecraft:birch_leaves":42,"minecraft:oak_leaves":56,"minecraft:dirt":1},"minecraft:killed_by":{"minecraft:zombie":1},"minecraft:custom":{"minecraft:time_since_rest":189,"minecraft:damage_dealt":18,"minecraft:play_one_minute":5986,"minecraft:deaths":1,"minecraft:walk_on_water_one_cm":131,"minecraft:sprint_one_cm":7144,"minecraft:damage_taken":235,"minecraft:time_since_death":167,"minecraft:walk_one_cm":17921,"minecraft:climb_one_cm":456,"minecraft:fall_one_cm":3184,"minecraft:fly_one_cm":11862,"minecraft:leave_game":1,"minecraft:jump":127}},"DataVersion":2586}