{"stats":{"minecraft:dropped":{"minecraft:dirt":27,"minecraft:wheat_seeds":1,"minecraft:dark_oak_sapling":1,"minecraft:wooden_pickaxe":2,"minecraft:azure_bluet":1},"minecraft:crafted":{"minecraft:cooked_porkchop":1,"minecraft:crafting_table":5,"minecraft:stick":24,"minecraft:wooden_pickaxe":2,"minecraft:stone_pickaxe":2,"minecraft:stone_sword":2,"minecraft:furnace":2,"minecraft:torch":8,"minecraft:dark_oak_planks":232,"minecraft:stone_axe":2,"minecraft:cooked_mutton":4,"minecraft:air":0},"minecraft:killed_by":{"dark_soul:brass_knight":1,"minecraft:zombie":1},"minecraft:killed":{"minecraft:sheep":6,"minecraft:zombie":1,"minecraft:pig":1},"minecraft:custom":{"minecraft:time_since_rest":11458,"minecraft:interact_with_furnace":10,"minecraft:sprint_one_cm":93334,"minecraft:damage_taken":436,"minecraft:walk_one_cm":101781,"minecraft:mob_kills":8,"minecraft:drop":32,"minecraft:damage_dealt":774,"minecraft:swim_one_cm":2830,"minecraft:interact_with_crafting_table":9,"minecraft:fly_one_cm":78294,"minecraft:play_one_minute":25662,"minecraft:deaths":3,"minecraft:walk_under_water_one_cm":1600,"minecraft:damage_dealt_resisted":1,"minecraft:jump":562,"minecraft:leave_game":1,"minecraft:time_since_death":11426,"minecraft:walk_on_water_one_cm":7545,"minecraft:fall_one_cm":13352},"minecraft:used":{"minecraft:cooked_mutton":4,"minecraft:stone_sword":10,"minecraft:stone_pickaxe":22,"minecraft:wooden_pickaxe":14,"minecraft:torch":4,"minecraft:crafting_table":6,"minecraft:furnace":2,"minecraft:cooked_porkchop":1,"minecraft:egg":1,"minecraft:dark_oak_sapling":7},"minecraft:mined":{"minecraft:dark_oak_leaves":219,"minecraft:dark_oak_log":58,"minecraft:crafting_table":1,"minecraft:grass":5,"minecraft:grass_block":6,"minecraft:coal_ore":19,"minecraft:dark_oak_sapling":1,"minecraft:dirt":22,"minecraft:tall_grass":3,"minecraft:stone":276},"minecraft:picked_up":{"minecraft:dark_oak_sapling":8,"minecraft:stick":2,"minecraft:crafting_table":1,"minecraft:azure_bluet":1,"minecraft:porkchop":1,"minecraft:dark_oak_log":58,"minecraft:dirt":27,"minecraft:wheat_seeds":1,"minecraft:gray_wool":1,"minecraft:light_gray_wool":1,"minecraft:mutton":10,"minecraft:coal":21,"minecraft:white_wool":4,"minecraft:cobblestone":348,"minecraft:egg":1}},"DataVersion":2586}